{
  "type": "FeatureCollection",
  "features": [
    {
      "type": "Feature",
      "geometry": {
        "type": "Polygon",
        "coordinates": [
          [
            [
              -44.9653614484621,
              -23.0779995585227
            ],
            [
              -44.9651939792024,
              -23.0779843340445
            ],
            [
              -44.9648590406829,
              -23.0780865555407
            ],
            [
              -44.9648003176957,
              -23.0785106660037
            ],
            [
              -44.9653157750276,
              -23.0785498146618
            ],
            [
              -44.9653614484621,
              -23.0779995585227
            ]
          ]
        ]
      },
      "properties": {
        "EXPEDIENTE DISPENSA": "346/2020-D",
        "ANO ENTRADA": 2020,
        "MUNICIPIO": "CUNHA",
        "PROPRIETARIO": "GABRIELA CASEMIRO DA ROCHA HIRSCHFELD CAMPOLONGO E OUTROS",
        "LOCALIZAÇÃO/ENDEREÇO": "ALAMEDA LAVAPÉS, BAIRRO LAVAPÉS",
        "Nº DE UNIDADES HABITACIONAIS": 4,
        "ÁREA TOTAL DA GLEBA/M²": "4475.72",
        "TIPOLOGIA DA CONSTRUÇÃO": null,
        "DATA DO CERTIFICADO": "2020-10-06T00:00:00",
        "SITUAÇÃO": "DISPENSADO"
      }
    },
    {
      "type": "Feature",
      "geometry": {
        "type": "Polygon",
        "coordinates": [
          [
            [
              -49.7167990311707,
              -20.7758157711919
            ],
            [
              -49.7170991951194,
              -20.7757937003133
            ],
            [
              -49.7170771242408,
              -20.7763101588721
            ],
            [
              -49.7170418108351,
              -20.7764183061772
            ],
            [
              -49.7169888407265,
              -20.7764933471644
            ],
            [
              -49.7169248351786,
              -20.7765441101851
            ],
            [
              -49.7167902028193,
              -20.776623565348
            ],
            [
              -49.7166379137571,
              -20.7766919850716
            ],
            [
              -49.7165518373306,
              -20.7766721212809
            ],
            [
              -49.716545216067,
              -20.7764845188129
            ],
            [
              -49.7167990311707,
              -20.77634326519
            ],
            [
              -49.7169005572122,
              -20.7763609218929
            ],
            [
              -49.7169182139151,
              -20.7762174611821
            ],
            [
              -49.71684096584,
              -20.7762152540942
            ],
            [
              -49.7168586225429,
              -20.7761115209649
            ],
            [
              -49.7167504752378,
              -20.7761071067892
            ],
            [
              -49.7167990311707,
              -20.7758157711919
            ]
          ]
        ]
      },
      "properties": {
        "EXPEDIENTE DISPENSA": "578/2020-D",
        "ANO ENTRADA": 2020,
        "MUNICIPIO": "MONTE APRAZIVEL",
        "PROPRIETARIO": "RAFAEL LIMA DO AMARAL E HERIDA CARLA SCREMIN DO AMARAL",
        "LOCALIZAÇÃO/ENDEREÇO": "AVENIDA BRASÍLIA, RUA DOM PEDRO I E RUA JOSÉ DE ANDRADE JUNQUEIRA",
        "Nº DE UNIDADES HABITACIONAIS": 18,
        "ÁREA TOTAL DA GLEBA/M²": "2862.17",
        "TIPOLOGIA DA CONSTRUÇÃO": null,
        "DATA DO CERTIFICADO": "2021-01-12T00:00:00",
        "SITUAÇÃO": "DISPENSADO"
      }
    },
    {
      "type": "Feature",
      "geometry": {
        "type": "Polygon",
        "coordinates": [
          [
            [
              -46.6130470794181,
              -23.6470460848471
            ],
            [
              -46.6131713087099,
              -23.646754416075
            ],
            [
              -46.6132415252661,
              -23.6465194606753
            ],
            [
              -46.6132523278132,
              -23.6461197664321
            ],
            [
              -46.6123935253177,
              -23.6449098811554
            ],
            [
              -46.6123665189499,
              -23.6449368875232
            ],
            [
              -46.6122909011201,
              -23.6447964544107
            ],
            [
              -46.6121558692812,
              -23.6447964544108
            ],
            [
              -46.6120478438101,
              -23.6446776263925
            ],
            [
              -46.6121774743754,
              -23.6446128111098
            ],
            [
              -46.6119776272538,
              -23.6443535499791
            ],
            [
              -46.6117993852265,
              -23.6448234607785
            ],
            [
              -46.6104328630166,
              -23.6441591041311
            ],
            [
              -46.6108433598069,
              -23.6435649640398
            ],
            [
              -46.6125015507888,
              -23.6441915117724
            ],
            [
              -46.6127338055518,
              -23.6447748493165
            ],
            [
              -46.6129498564941,
              -23.6446938302132
            ],
            [
              -46.6132685316339,
              -23.6453743906813
            ],
            [
              -46.6135007863968,
              -23.6458226963865
            ],
            [
              -46.6135547991324,
              -23.6461467727999
            ],
            [
              -46.6136736271506,
              -23.6465626708638
            ],
            [
              -46.6136520220564,
              -23.6469569638334
            ],
            [
              -46.6136358182357,
              -23.6472594351526
            ],
            [
              -46.6130470794181,
              -23.6470460848471
            ]
          ]
        ]
      },
      "properties": {
        "EXPEDIENTE DISPENSA": "540/2021-D",
        "ANO ENTRADA": 2021,
        "MUNICIPIO": "SAO PAULO",
        "PROPRIETARIO": "FERNANDA FERRAZ DAL LAGO",
        "LOCALIZAÇÃO/ENDEREÇO": "AV. DO CURSINO, S/N.° X RUA PROFESSOR ARTHUR PRIMAVESI X RUA ERCÍLIO CONTRUCCI X RUA DOUTOR EUGÊNIO MAIA DE ANDRADE, QUADRA 25, JARDIM IMPERADOR, SAÚDE",
        "Nº DE UNIDADES HABITACIONAIS": 4,
        "ÁREA TOTAL DA GLEBA/M²": "32878.910000000003",
        "TIPOLOGIA DA CONSTRUÇÃO": null,
        "DATA DO CERTIFICADO": "2021-10-05T00:00:00",
        "SITUAÇÃO": "DISPENSADO"
      }
    },
    {
      "type": "Feature",
      "geometry": {
        "type": "Polygon",
        "coordinates": [
          [
            [
              -49.9587557671246,
              -20.4217858577909
            ],
            [
              -49.9586118838508,
              -20.4217609549166
            ],
            [
              -49.9585897479625,
              -20.4217747898467
            ],
            [
              -49.9585731460463,
              -20.4218162946372
            ],
            [
              -49.9584237288005,
              -20.4226021186709
            ],
            [
              -49.9584486316748,
              -20.4226685263357
            ],
            [
              -49.9585205733117,
              -20.422687895238
            ],
            [
              -49.9590767375045,
              -20.422773671805
            ],
            [
              -49.9590961064067,
              -20.4227570698888
            ],
            [
              -49.9590822714766,
              -20.4227127981123
            ],
            [
              -49.9587557671246,
              -20.4217858577909
            ]
          ]
        ]
      },
      "properties": {
        "EXPEDIENTE DISPENSA": "73/2022-D",
        "ANO ENTRADA": 2022,
        "MUNICIPIO": "VOTUPORANGA",
        "PROPRIETARIO": "DE HARO IMÓVEIS E PARTICIPAÇÕES LTDA",
        "LOCALIZAÇÃO/ENDEREÇO": "AVENIDA DOS BANCÁRIOS, LADO PAR, RUA TIÊTE, LADO PAR, RUA TOCANTINS, LADO ÍMPAR E RUA MANOEL MENDES BOTELHO, LADO ÍMPAR, LOTE 01, QUADRA 25",
        "Nº DE UNIDADES HABITACIONAIS": 16,
        "ÁREA TOTAL DA GLEBA/M²": "4445.3",
        "TIPOLOGIA DA CONSTRUÇÃO": null,
        "DATA DO CERTIFICADO": "2022-02-15T00:00:00",
        "SITUAÇÃO": "DISPENSADO"
      }
    },
    {
      "type": "Feature",
      "geometry": {
        "type": "Polygon",
        "coordinates": [
          [
            [
              -49.9584458646887,
              -20.4217830908048
            ],
            [
              -49.9583213503172,
              -20.4225716818245
            ],
            [
              -49.9583130493591,
              -20.4225965846988
            ],
            [
              -49.9582853794988,
              -20.4226270215452
            ],
            [
              -49.9582494086803,
              -20.4226325555173
            ],
            [
              -49.9578620306356,
              -20.4225772157966
            ],
            [
              -49.9578260598171,
              -20.4225523129223
            ],
            [
              -49.9578260598171,
              -20.4225246430619
            ],
            [
              -49.9578260598171,
              -20.4224831382715
            ],
            [
              -49.9579173703562,
              -20.4219027629508
            ],
            [
              -49.9579505741886,
              -20.4217146079005
            ],
            [
              -49.9579657926118,
              -20.4216897050262
            ],
            [
              -49.9579962294582,
              -20.4216661856449
            ],
            [
              -49.9580280497976,
              -20.4216592681798
            ],
            [
              -49.9584029764052,
              -20.4217270593377
            ],
            [
              -49.9584168113354,
              -20.4217339768027
            ],
            [
              -49.9584361802376,
              -20.4217422777608
            ],
            [
              -49.9584444811957,
              -20.421753345705
            ],
            [
              -49.9584472481817,
              -20.421756112691
            ],
            [
              -49.9584458646887,
              -20.4217830908048
            ]
          ]
        ]
      },
      "properties": {
        "EXPEDIENTE DISPENSA": "74/2022-D",
        "ANO ENTRADA": 2022,
        "MUNICIPIO": "VOTUPORANGA",
        "PROPRIETARIO": "DE HARO IMÓVEIS E PARTICIPAÇÕES LTDA",
        "LOCALIZAÇÃO/ENDEREÇO": "RUA MANOEL MENDES BOTELHO, LADO PAR, RUA TIETÊ, LADO PAR, RUA TOCANTINS, LADO IMPAR E RUA ALCEBIADES GIRALDES MARTINS, LADO IMPAR",
        "Nº DE UNIDADES HABITACIONAIS": 20,
        "ÁREA TOTAL DA GLEBA/M²": "5217.6499999999996",
        "TIPOLOGIA DA CONSTRUÇÃO": null,
        "DATA DO CERTIFICADO": "2022-02-15T00:00:00",
        "SITUAÇÃO": "DISPENSADO"
      }
    },
    {
      "type": "Feature",
      "geometry": {
        "type": "Polygon",
        "coordinates": [
          [
            [
              -49.3102821532003,
              -24.097261258616
            ],
            [
              -49.3101534883497,
              -24.0974978359219
            ],
            [
              -49.3084891462502,
              -24.0966345362793
            ],
            [
              -49.3085887577474,
              -24.0964519152011
            ],
            [
              -49.3098588043371,
              -24.0971035404121
            ],
            [
              -49.3101202845173,
              -24.0972280547836
            ],
            [
              -49.3101742407449,
              -24.097261258616
            ],
            [
              -49.3102821532003,
              -24.097261258616
            ]
          ]
        ]
      },
      "properties": {
        "EXPEDIENTE DISPENSA": "780/2021-D",
        "ANO ENTRADA": 2021,
        "MUNICIPIO": "ITARARE",
        "PROPRIETARIO": "PREFEITURA MUNICIPAL ITARARÉ",
        "LOCALIZAÇÃO/ENDEREÇO": "RUA AGENOR VEIGA, ANTIGA CHÁCARA BELA VISTA",
        "Nº DE UNIDADES HABITACIONAIS": 28,
        "ÁREA TOTAL DA GLEBA/M²": "4326.08",
        "TIPOLOGIA DA CONSTRUÇÃO": null,
        "DATA DO CERTIFICADO": "2022-02-22T00:00:00",
        "SITUAÇÃO": "DISPENSADO"
      }
    },
    {
      "type": "Feature",
      "geometry": {
        "type": "Polygon",
        "coordinates": [
          [
            [
              -47.199315303997,
              -22.7599437045309
            ],
            [
              -47.1969453804588,
              -22.7609813242937
            ],
            [
              -47.196795963213,
              -22.7609315185451
            ],
            [
              -47.1967503079434,
              -22.7608734118384
            ],
            [
              -47.1967295555482,
              -22.7607945527364
            ],
            [
              -47.1967420069853,
              -22.7607447469878
            ],
            [
              -47.1968582203987,
              -22.7606949412391
            ],
            [
              -47.1983648442943,
              -22.7600101121957
            ],
            [
              -47.199315303997,
              -22.7599437045309
            ]
          ]
        ]
      },
      "properties": {
        "EXPEDIENTE DISPENSA": "62/2022-D",
        "ANO ENTRADA": 2022,
        "MUNICIPIO": "PAULINIA",
        "PROPRIETARIO": "MORRO AZUL CONSTRUÇÕES E COMÉRCIO LTDA",
        "LOCALIZAÇÃO/ENDEREÇO": "AVENIDA JOSÉ FERNANDO PIGATTO, S/N°, NOVA VENEZA",
        "Nº DE UNIDADES HABITACIONAIS": 25,
        "ÁREA TOTAL DA GLEBA/M²": "6918.27",
        "TIPOLOGIA DA CONSTRUÇÃO": null,
        "DATA DO CERTIFICADO": "2022-02-22T00:00:00",
        "SITUAÇÃO": "DISPENSADO"
      }
    },
    {
      "type": "Feature",
      "geometry": {
        "type": "Polygon",
        "coordinates": [
          [
            [
              -47.1571061171285,
              -21.0909729859884
            ],
            [
              -47.1571263128201,
              -21.0909454464089
            ],
            [
              -47.1571611962874,
              -21.0909381025211
            ],
            [
              -47.1571924078108,
              -21.0909454464089
            ],
            [
              -47.1572603387734,
              -21.0909821658482
            ],
            [
              -47.1579763678389,
              -21.0915421372968
            ],
            [
              -47.1580039074183,
              -21.0915862006239
            ],
            [
              -47.1579910556146,
              -21.0916082322875
            ],
            [
              -47.1578001145305,
              -21.0918377287828
            ],
            [
              -47.1577799188389,
              -21.0918634323903
            ],
            [
              -47.1577431993996,
              -21.0918689403062
            ],
            [
              -47.1576697605211,
              -21.0918340568389
            ],
            [
              -47.1569610753435,
              -21.0912612335865
            ],
            [
              -47.156935371736,
              -21.0912318580351
            ],
            [
              -47.1569243559042,
              -21.0912079903996
            ],
            [
              -47.1569280278482,
              -21.0911694349884
            ],
            [
              -47.1571061171285,
              -21.0909729859884
            ]
          ]
        ]
      },
      "properties": {
        "EXPEDIENTE DISPENSA": "14/2022-D",
        "ANO ENTRADA": 2022,
        "MUNICIPIO": "SANTO ANTONIO DA ALEGRIA",
        "PROPRIETARIO": "VICENTE FIRMINO MANÇO E ALZIRA RODRIGUES ALECRIM MANÇO",
        "LOCALIZAÇÃO/ENDEREÇO": "RUA VEREADOR ÉZIO TADEU LIMA, S/N°",
        "Nº DE UNIDADES HABITACIONAIS": 22,
        "ÁREA TOTAL DA GLEBA/M²": "4101.42",
        "TIPOLOGIA DA CONSTRUÇÃO": null,
        "DATA DO CERTIFICADO": "2022-03-08T00:00:00",
        "SITUAÇÃO": "DISPENSADO"
      }
    },
    {
      "type": "Feature",
      "geometry": {
        "type": "Polygon",
        "coordinates": [
          [
            [
              -49.6818631574428,
              -21.0707763764118
            ],
            [
              -49.6815932695642,
              -21.0710517722062
            ],
            [
              -49.680274123709,
              -21.0701787675379
            ],
            [
              -49.6806899713586,
              -21.069779443636
            ],
            [
              -49.6818631574428,
              -21.0707763764118
            ]
          ]
        ]
      },
      "properties": {
        "EXPEDIENTE DISPENSA": "121/2022-D",
        "ANO ENTRADA": 2022,
        "MUNICIPIO": "JOSE BONIFACIO",
        "PROPRIETARIO": "PARRA & MAPELLI PARTICIPAÇÕES E EMPREENDIMENTOS LTDA",
        "LOCALIZAÇÃO/ENDEREÇO": "RUA ANTÔNIO IZA PEREIRA",
        "Nº DE UNIDADES HABITACIONAIS": 14,
        "ÁREA TOTAL DA GLEBA/M²": "7629.27",
        "TIPOLOGIA DA CONSTRUÇÃO": null,
        "DATA DO CERTIFICADO": "2022-03-08T00:00:00",
        "SITUAÇÃO": "DISPENSADO"
      }
    },
    {
      "type": "Feature",
      "geometry": {
        "type": "Polygon",
        "coordinates": [
          [
            [
              -49.3345082779209,
              -24.1073372229528
            ],
            [
              -49.3339721741078,
              -24.1072380804668
            ],
            [
              -49.3338803755097,
              -24.1077668403921
            ],
            [
              -49.3345633570798,
              -24.1079284059248
            ],
            [
              -49.3346441398462,
              -24.1075685554201
            ],
            [
              -49.334456870706,
              -24.1075355079248
            ],
            [
              -49.3345082779209,
              -24.1073372229528
            ]
          ]
        ]
      },
      "properties": {
        "EXPEDIENTE DISPENSA": "87/2022-D",
        "ANO ENTRADA": 2022,
        "MUNICIPIO": "ITARARE",
        "PROPRIETARIO": "KLOCKER INCORPORAÇÃO DE IMÓVEIS LTDA",
        "LOCALIZAÇÃO/ENDEREÇO": "RUA CACILDA DE ARRUDA NOVAES RIBAS, S/N°",
        "Nº DE UNIDADES HABITACIONAIS": 14,
        "ÁREA TOTAL DA GLEBA/M²": "4094.86",
        "TIPOLOGIA DA CONSTRUÇÃO": null,
        "DATA DO CERTIFICADO": "2022-03-15T00:00:00",
        "SITUAÇÃO": "DISPENSADO"
      }
    },
    {
      "type": "Feature",
      "geometry": {
        "type": "Polygon",
        "coordinates": [
          [
            [
              -50.5960339891074,
              -21.5856944500683
            ],
            [
              -50.5962198812687,
              -21.5856200932038
            ],
            [
              -50.5964071504089,
              -21.5860194171057
            ],
            [
              -50.5963961345771,
              -21.5860414487693
            ],
            [
              -50.595857735799,
              -21.5862383567623
            ],
            [
              -50.5957985257032,
              -21.5860579725169
            ],
            [
              -50.5961234927406,
              -21.5859354213884
            ],
            [
              -50.5960339891074,
              -21.5856944500683
            ]
          ]
        ]
      },
      "properties": {
        "EXPEDIENTE DISPENSA": "158/2022-D",
        "ANO ENTRADA": 2022,
        "MUNICIPIO": "PIACATU",
        "PROPRIETARIO": "MUNICÍPIO DE PIACATU",
        "LOCALIZAÇÃO/ENDEREÇO": "RUA MÁRIO BRIGATTI, QUADRA 02",
        "Nº DE UNIDADES HABITACIONAIS": 11,
        "ÁREA TOTAL DA GLEBA/M²": "1790.5",
        "TIPOLOGIA DA CONSTRUÇÃO": null,
        "DATA DO CERTIFICADO": "2022-03-15T00:00:00",
        "SITUAÇÃO": "DISPENSADO"
      }
    },
    {
      "type": "Feature",
      "geometry": {
        "type": "Polygon",
        "coordinates": [
          [
            [
              -51.0584310152608,
              -21.669313391495
            ],
            [
              -51.0586220710931,
              -21.6691855906341
            ],
            [
              -51.0602628275996,
              -21.6714446967602
            ],
            [
              -51.0600372397164,
              -21.6715560384193
            ],
            [
              -51.0584310152608,
              -21.669313391495
            ]
          ]
        ]
      },
      "properties": {
        "EXPEDIENTE DISPENSA": "636/2021-D",
        "ANO ENTRADA": 2021,
        "MUNICIPIO": "ADAMANTINA",
        "PROPRIETARIO": "LRG CONSTRUÇÕES E EMPREENDIMENTOS EIRELI",
        "LOCALIZAÇÃO/ENDEREÇO": "RUA PADRE CAETANO MARIA DOLCIMASCULO, S/N°",
        "Nº DE UNIDADES HABITACIONAIS": 28,
        "ÁREA TOTAL DA GLEBA/M²": "7231.87",
        "TIPOLOGIA DA CONSTRUÇÃO": null,
        "DATA DO CERTIFICADO": "2022-03-22T00:00:00",
        "SITUAÇÃO": "DISPENSADO"
      }
    },
    {
      "type": "Feature",
      "geometry": {
        "type": "Polygon",
        "coordinates": [
          [
            [
              -47.7677993512051,
              -21.025858404356
            ],
            [
              -47.7678697301304,
              -21.02582474487
            ],
            [
              -47.7678896198266,
              -21.02582474487
            ],
            [
              -47.7679140994528,
              -21.0258323947532
            ],
            [
              -47.7679202193593,
              -21.025841574613
            ],
            [
              -47.7680778069528,
              -21.0262011191224
            ],
            [
              -47.7680900467659,
              -21.0262271287252
            ],
            [
              -47.7680900467659,
              -21.0262485483981
            ],
            [
              -47.7680732170229,
              -21.0262745580009
            ],
            [
              -47.7680548573033,
              -21.026286797814
            ],
            [
              -47.768018137864,
              -21.0263051575336
            ],
            [
              -47.7674030872565,
              -21.0265499537953
            ],
            [
              -47.7673694277705,
              -21.0265576036785
            ],
            [
              -47.7673311783546,
              -21.0265514837719
            ],
            [
              -47.7672975188686,
              -21.026534654029
            ],
            [
              -47.7672776291724,
              -21.0265162943093
            ],
            [
              -47.7671384012985,
              -21.026202649099
            ],
            [
              -47.7671353413452,
              -21.0261567498
            ],
            [
              -47.7671582909948,
              -21.0261139104542
            ],
            [
              -47.7672011303406,
              -21.0260863708747
            ],
            [
              -47.7677993512051,
              -21.025858404356
            ]
          ]
        ]
      },
      "properties": {
        "EXPEDIENTE DISPENSA": "125/2022-D",
        "ANO ENTRADA": 2022,
        "MUNICIPIO": "JARDINOPOLIS",
        "PROPRIETARIO": "NOVA DIMENSAO EMPREENDIMENTOS IMOBILIÁRIOS LTDA",
        "LOCALIZAÇÃO/ENDEREÇO": "RUA GETÚLIO VARGAS, CENTRO",
        "Nº DE UNIDADES HABITACIONAIS": 15,
        "ÁREA TOTAL DA GLEBA/M²": "4122.82",
        "TIPOLOGIA DA CONSTRUÇÃO": null,
        "DATA DO CERTIFICADO": "2022-03-22T00:00:00",
        "SITUAÇÃO": "DISPENSADO"
      }
    },
    {
      "type": "Feature",
      "geometry": {
        "type": "Polygon",
        "coordinates": [
          [
            [
              -50.1349384662648,
              -21.0527693546477
            ],
            [
              -50.1364737978187,
              -21.0545387726268
            ],
            [
              -50.1362328264986,
              -21.0546265550363
            ],
            [
              -50.1346871676024,
              -21.0528554158334
            ],
            [
              -50.1349384662648,
              -21.0527693546477
            ]
          ]
        ]
      },
      "properties": {
        "EXPEDIENTE DISPENSA": "136/2022-D",
        "ANO ENTRADA": 2022,
        "MUNICIPIO": "BURITAMA",
        "PROPRIETARIO": "VIVATI EMPREENDIMENTOS IMOBILIÁRIOS LTDA",
        "LOCALIZAÇÃO/ENDEREÇO": "RUA VITOR SERGIO DA SILVA, S/N°, BAIRRO AVIAÇAO",
        "Nº DE UNIDADES HABITACIONAIS": 27,
        "ÁREA TOTAL DA GLEBA/M²": "5650.31",
        "TIPOLOGIA DA CONSTRUÇÃO": null,
        "DATA DO CERTIFICADO": "2022-03-22T00:00:00",
        "SITUAÇÃO": "DISPENSADO"
      }
    },
    {
      "type": "Feature",
      "geometry": {
        "type": "Polygon",
        "coordinates": [
          [
            [
              -49.0104994457487,
              -21.1369453701313
            ],
            [
              -49.0105265550222,
              -21.1369686066514
            ],
            [
              -49.0105497915424,
              -21.1369724794048
            ],
            [
              -49.0105846463226,
              -21.1369840976649
            ],
            [
              -49.0106466103764,
              -21.1369492428846
            ],
            [
              -49.0116612717564,
              -21.1361630739527
            ],
            [
              -49.0116845082766,
              -21.1361437101859
            ],
            [
              -49.0116883810299,
              -21.1361166009125
            ],
            [
              -49.0116612717564,
              -21.1360701278721
            ],
            [
              -49.0114869978553,
              -21.1358493809307
            ],
            [
              -49.0114598885817,
              -21.1358222716572
            ],
            [
              -49.0114327793082,
              -21.1358106533971
            ],
            [
              -49.0113863062679,
              -21.1358183989038
            ],
            [
              -49.0101741344666,
              -21.1364341666879
            ],
            [
              -49.010147025193,
              -21.1364767669748
            ],
            [
              -49.0101392796863,
              -21.1365077490017
            ],
            [
              -49.0101586434531,
              -21.1365387310286
            ],
            [
              -49.0104994457487,
              -21.1369453701313
            ]
          ]
        ]
      },
      "properties": {
        "EXPEDIENTE DISPENSA": "166/2022-D",
        "ANO ENTRADA": 2022,
        "MUNICIPIO": "CATANDUVA",
        "PROPRIETARIO": "TERRA VIIV EMPREENDIMENTOS IMOBILIÁRIOS SPE LTDA",
        "LOCALIZAÇÃO/ENDEREÇO": "RUA DR. CARLOS EDUARDO BENEDITO JORGE, RUA DR. RAUL JOSÉ DE ANDRADE VIANNA (CONTINUIDADE DA 6), RUA DR. DIOMAR CHIMELLO E RUA JAQUELINE DA SILVA CAIRES, LOTEAMENTO HORIZON CATANDUVA",
        "Nº DE UNIDADES HABITACIONAIS": 30,
        "ÁREA TOTAL DA GLEBA/M²": "8748.4500000000007",
        "TIPOLOGIA DA CONSTRUÇÃO": null,
        "DATA DO CERTIFICADO": "2022-03-22T00:00:00",
        "SITUAÇÃO": "DISPENSADO"
      }
    },
    {
      "type": "Feature",
      "geometry": {
        "type": "Polygon",
        "coordinates": [
          [
            [
              -49.6815268213666,
              -21.0711146142055
            ],
            [
              -49.68127993334,
              -21.0713590817613
            ],
            [
              -49.6811008184971,
              -21.0712501605731
            ],
            [
              -49.6812968766359,
              -21.0709645450129
            ],
            [
              -49.6815268213666,
              -21.0711146142055
            ]
          ]
        ]
      },
      "properties": {
        "EXPEDIENTE DISPENSA": "173/2022-D",
        "ANO ENTRADA": 2022,
        "MUNICIPIO": "JOSE BONIFACIO",
        "PROPRIETARIO": "PARRA & MAPELLI PARTICIPAÇÕES E EMPREENDIMENTOS LTDA",
        "LOCALIZAÇÃO/ENDEREÇO": "RUA ANTÔNIO IZA PEREIRA",
        "Nº DE UNIDADES HABITACIONAIS": 3,
        "ÁREA TOTAL DA GLEBA/M²": "1092.28",
        "TIPOLOGIA DA CONSTRUÇÃO": null,
        "DATA DO CERTIFICADO": "2022-03-22T00:00:00",
        "SITUAÇÃO": "DISPENSADO"
      }
    },
    {
      "type": "Feature",
      "geometry": {
        "type": "Polygon",
        "coordinates": [
          [
            [
              -49.6803668739362,
              -21.0703254774827
            ],
            [
              -49.6802031730488,
              -21.070532257551
            ],
            [
              -49.6804724179293,
              -21.070726113865
            ],
            [
              -49.6804638020932,
              -21.0710470537626
            ],
            [
              -49.6808730543116,
              -21.0712796813394
            ],
            [
              -49.6811401452331,
              -21.0708747370391
            ],
            [
              -49.6803668739362,
              -21.0703254774827
            ]
          ]
        ]
      },
      "properties": {
        "EXPEDIENTE DISPENSA": "174/2022-D",
        "ANO ENTRADA": 2022,
        "MUNICIPIO": "JOSE BONIFACIO",
        "PROPRIETARIO": "PARRA & MAPELLI PARTICIPAÇÕES E EMPREENDIMENTOS LTDA",
        "LOCALIZAÇÃO/ENDEREÇO": "RUA ANTÔNIO IZA PEREIRA, S/N°",
        "Nº DE UNIDADES HABITACIONAIS": 10,
        "ÁREA TOTAL DA GLEBA/M²": "4330.04",
        "TIPOLOGIA DA CONSTRUÇÃO": null,
        "DATA DO CERTIFICADO": "2022-03-29T00:00:00",
        "SITUAÇÃO": "DISPENSADO"
      }
    },
    {
      "type": "Feature",
      "geometry": {
        "type": "Polygon",
        "coordinates": [
          [
            [
              -49.5655284079338,
              -20.8733592371646
            ],
            [
              -49.5655518886379,
              -20.8731674780815
            ],
            [
              -49.566425566501,
              -20.8732809681511
            ],
            [
              -49.5664040425223,
              -20.8734776190475
            ],
            [
              -49.5655284079338,
              -20.8733592371646
            ]
          ]
        ]
      },
      "properties": {
        "EXPEDIENTE DISPENSA": "160/2022-D",
        "ANO ENTRADA": 2022,
        "MUNICIPIO": "JACI",
        "PROPRIETARIO": "NILO EMPREENDIMENTOS IMOBILIÁRIOS MIRASSOL LTDA",
        "LOCALIZAÇÃO/ENDEREÇO": "RUA DANILO CESAR CEZÁRIO GUIMARAES, S/N°",
        "Nº DE UNIDADES HABITACIONAIS": 10,
        "ÁREA TOTAL DA GLEBA/M²": "1600",
        "TIPOLOGIA DA CONSTRUÇÃO": null,
        "DATA DO CERTIFICADO": "2022-04-05T00:00:00",
        "SITUAÇÃO": "DISPENSADO"
      }
    },
    {
      "type": "Feature",
      "geometry": {
        "type": "Polygon",
        "coordinates": [
          [
            [
              -47.7345079980415,
              -23.1855980876412
            ],
            [
              -47.732808582086,
              -23.1856905429134
            ],
            [
              -47.7331167663266,
              -23.1852634876085
            ],
            [
              -47.7345079980415,
              -23.1852018507604
            ],
            [
              -47.7345079980415,
              -23.1855980876412
            ]
          ]
        ]
      },
      "properties": {
        "EXPEDIENTE DISPENSA": "172/2022-D",
        "ANO ENTRADA": 2022,
        "MUNICIPIO": "CERQUILHO",
        "PROPRIETARIO": "PEDRO AURÉLIO PERSONE E EDI BENEDITA CATTO PERSONE",
        "LOCALIZAÇÃO/ENDEREÇO": "RUA ÂNGELO GRANDO, \"ANGELAO\", BAIRRO CHAVE BARROS",
        "Nº DE UNIDADES HABITACIONAIS": 4,
        "ÁREA TOTAL DA GLEBA/M²": "7501.4",
        "TIPOLOGIA DA CONSTRUÇÃO": null,
        "DATA DO CERTIFICADO": "2022-04-05T00:00:00",
        "SITUAÇÃO": "DISPENSADO"
      }
    },
    {
      "type": "Feature",
      "geometry": {
        "type": "Polygon",
        "coordinates": [
          [
            [
              -47.7748528234868,
              -22.6875527707994
            ],
            [
              -47.7748632711389,
              -22.6876415758425
            ],
            [
              -47.7748510822114,
              -22.6876955553786
            ],
            [
              -47.7748301869071,
              -22.6877390872624
            ],
            [
              -47.7747849137479,
              -22.6877530174653
            ],
            [
              -47.7744192459233,
              -22.6878679416387
            ],
            [
              -47.7743374059816,
              -22.6878609765373
            ],
            [
              -47.774285167721,
              -22.6878313748563
            ],
            [
              -47.7739891509106,
              -22.6868823797877
            ],
            [
              -47.7739943747367,
              -22.6868649670341
            ],
            [
              -47.7740152700409,
              -22.6868423304545
            ],
            [
              -47.7743130281267,
              -22.68674656031
            ],
            [
              -47.7744018331698,
              -22.6870373532943
            ],
            [
              -47.7743304408802,
              -22.6870582485986
            ],
            [
              -47.7745341700968,
              -22.6876572473207
            ],
            [
              -47.7748528234868,
              -22.6875527707994
            ]
          ]
        ]
      },
      "properties": {
        "EXPEDIENTE DISPENSA": "105/2022-D",
        "ANO ENTRADA": 2022,
        "MUNICIPIO": "PIRACICABA",
        "PROPRIETARIO": "LUIZ MANOEL CERSOSIMO E ROSA MARIA SEGHESE CERSOSIMO",
        "LOCALIZAÇÃO/ENDEREÇO": "AVENIDA FIORAVANTE CENEDESE, DISTRITO DE ARTEMIS",
        "Nº DE UNIDADES HABITACIONAIS": 11,
        "ÁREA TOTAL DA GLEBA/M²": "3617.57",
        "TIPOLOGIA DA CONSTRUÇÃO": null,
        "DATA DO CERTIFICADO": "2022-04-12T00:00:00",
        "SITUAÇÃO": "DISPENSADO"
      }
    },
    {
      "type": "Feature",
      "geometry": {
        "type": "Polygon",
        "coordinates": [
          [
            [
              -48.6729970571521,
              -22.811706342996
            ],
            [
              -48.6732587585946,
              -22.8118854018777
            ],
            [
              -48.6717092105796,
              -22.8157145071948
            ],
            [
              -48.6714819435374,
              -22.8156387515141
            ],
            [
              -48.6729970571521,
              -22.811706342996
            ]
          ]
        ]
      },
      "properties": {
        "EXPEDIENTE DISPENSA": "210/2022-D",
        "ANO ENTRADA": 2022,
        "MUNICIPIO": "PRATANIA",
        "PROPRIETARIO": "CHIAFARELI CONSULTORIA LTDA",
        "LOCALIZAÇÃO/ENDEREÇO": "RUA BENEDITO CORRÊA",
        "Nº DE UNIDADES HABITACIONAIS": 74,
        "ÁREA TOTAL DA GLEBA/M²": "11212.48",
        "TIPOLOGIA DA CONSTRUÇÃO": null,
        "DATA DO CERTIFICADO": "2022-04-12T00:00:00",
        "SITUAÇÃO": "DISPENSADO"
      }
    },
    {
      "type": "Feature",
      "geometry": {
        "type": "Polygon",
        "coordinates": [
          [
            [
              -47.8202522804483,
              -20.4303156148794
            ],
            [
              -47.8178016989579,
              -20.4311248232872
            ],
            [
              -47.8178705677586,
              -20.43141751569
            ],
            [
              -47.8180656960271,
              -20.4313601250228
            ],
            [
              -47.8184846478979,
              -20.4314117766233
            ],
            [
              -47.8194258548403,
              -20.4337820111796
            ],
            [
              -47.8182034336284,
              -20.4342239193173
            ],
            [
              -47.8203900180497,
              -20.4342526146509
            ],
            [
              -47.8210500107227,
              -20.4350618230587
            ],
            [
              -47.8215378313941,
              -20.434063225449
            ],
            [
              -47.8202522804483,
              -20.4303156148794
            ]
          ]
        ]
      },
      "properties": {
        "EXPEDIENTE DISPENSA": "134/2022-D",
        "ANO ENTRADA": 2022,
        "MUNICIPIO": "GUARA",
        "PROPRIETARIO": "HILDA ALCÂNTARA DA ROCHA E OUTROS",
        "LOCALIZAÇÃO/ENDEREÇO": "RUA DEPUTADO JOAO DE FARIA, S/N°",
        "Nº DE UNIDADES HABITACIONAIS": 13,
        "ÁREA TOTAL DA GLEBA/M²": "93726.95",
        "TIPOLOGIA DA CONSTRUÇÃO": null,
        "DATA DO CERTIFICADO": "2022-05-03T00:00:00",
        "SITUAÇÃO": "DISPENSADO"
      }
    },
    {
      "type": "Feature",
      "geometry": {
        "type": "Polygon",
        "coordinates": [
          [
            [
              -49.6806668878549,
              -21.0719877522015
            ],
            [
              -49.6806066276543,
              -21.0715601917306
            ],
            [
              -49.6799982865817,
              -21.0716491472648
            ],
            [
              -49.6801417632498,
              -21.0725013986731
            ],
            [
              -49.6806668878549,
              -21.0719877522015
            ]
          ]
        ]
      },
      "properties": {
        "EXPEDIENTE DISPENSA": "213/2022-D",
        "ANO ENTRADA": 2022,
        "MUNICIPIO": "JOSE BONIFACIO",
        "PROPRIETARIO": "JONAS FELIX DE MENDONÇA NETO E OUTROS",
        "LOCALIZAÇÃO/ENDEREÇO": "AVENIDA MONTE ALEGRE, S/N°",
        "Nº DE UNIDADES HABITACIONAIS": 7,
        "ÁREA TOTAL DA GLEBA/M²": "4055.73",
        "TIPOLOGIA DA CONSTRUÇÃO": null,
        "DATA DO CERTIFICADO": "2022-05-03T00:00:00",
        "SITUAÇÃO": "DISPENSADO"
      }
    },
    {
      "type": "Feature",
      "geometry": {
        "type": "Polygon",
        "coordinates": [
          [
            [
              -47.1158291875844,
              -22.8005257801626
            ],
            [
              -47.1157387972835,
              -22.8003751296611
            ],
            [
              -47.1156441026826,
              -22.7991613170493
            ],
            [
              -47.1153169758795,
              -22.7986491053444
            ],
            [
              -47.117129086197,
              -22.7968456036269
            ],
            [
              -47.1134489096614,
              -22.7988040601459
            ],
            [
              -47.1148262856747,
              -22.8010509047677
            ],
            [
              -47.1158291875844,
              -22.8005257801626
            ]
          ]
        ]
      },
      "properties": {
        "EXPEDIENTE DISPENSA": "216/2022-D",
        "ANO ENTRADA": 2022,
        "MUNICIPIO": "PAULINIA",
        "PROPRIETARIO": "CAZELLATO EMPREENDIMENTOS IMOBILIÁRIOS LTDA",
        "LOCALIZAÇÃO/ENDEREÇO": "AVENIDA ALEXANDRE CAZELATTO (ESTRADA MUNICIPAL PLN-393), BAIRRO BETEL",
        "Nº DE UNIDADES HABITACIONAIS": 2,
        "ÁREA TOTAL DA GLEBA/M²": "56594.38",
        "TIPOLOGIA DA CONSTRUÇÃO": null,
        "DATA DO CERTIFICADO": "2022-05-03T00:00:00",
        "SITUAÇÃO": "DISPENSADO"
      }
    },
    {
      "type": "Feature",
      "geometry": {
        "type": "Polygon",
        "coordinates": [
          [
            [
              -47.3055164622007,
              -23.062553273427
            ],
            [
              -47.3041702923627,
              -23.0626937012159
            ],
            [
              -47.3046835801427,
              -23.0646500055849
            ],
            [
              -47.3061750201071,
              -23.0642819879313
            ],
            [
              -47.3055164622007,
              -23.062553273427
            ]
          ]
        ]
      },
      "properties": {
        "EXPEDIENTE DISPENSA": "218/2022-D",
        "ANO ENTRADA": 2022,
        "MUNICIPIO": "ELIAS FAUSTO",
        "PROPRIETARIO": "HELIO CÁSSIO SCARTON E EUNICE PIRES MACHADO SCARTON",
        "LOCALIZAÇÃO/ENDEREÇO": "GLEBA DE TERRAS DENOMINADA \"NOSSA CHÁCARA\", BAIRRO CARDEAL",
        "Nº DE UNIDADES HABITACIONAIS": 10,
        "ÁREA TOTAL DA GLEBA/M²": "28391",
        "TIPOLOGIA DA CONSTRUÇÃO": null,
        "DATA DO CERTIFICADO": "2022-04-26T00:00:00",
        "SITUAÇÃO": "DISPENSADO"
      }
    },
    {
      "type": "Feature",
      "geometry": {
        "type": "Polygon",
        "coordinates": [
          [
            [
              -46.8494150745437,
              -23.2138094855513
            ],
            [
              -46.8494150745437,
              -23.2137965726511
            ],
            [
              -46.8493634229432,
              -23.2138589850017
            ],
            [
              -46.8493139234927,
              -23.2138934194021
            ],
            [
              -46.8492579675922,
              -23.2139213973523
            ],
            [
              -46.8491503600912,
              -23.2139622882027
            ],
            [
              -46.8477600711777,
              -23.2143173929562
            ],
            [
              -46.8476481593766,
              -23.2143496752065
            ],
            [
              -46.847590051326,
              -23.2143776531568
            ],
            [
              -46.8475448561756,
              -23.214405631107
            ],
            [
              -46.8474910524251,
              -23.2144443698074
            ],
            [
              -46.8474566180248,
              -23.2144895649578
            ],
            [
              -46.8474071185743,
              -23.2145670423586
            ],
            [
              -46.847374836324,
              -23.2146273025592
            ],
            [
              -46.8473554669738,
              -23.2146789541597
            ],
            [
              -46.8473597712738,
              -23.2147456708103
            ],
            [
              -46.847379140624,
              -23.2148360611112
            ],
            [
              -46.8474114228743,
              -23.2148941691618
            ],
            [
              -46.8475706819759,
              -23.2150706454635
            ],
            [
              -46.8476739851768,
              -23.2151179927639
            ],
            [
              -46.8478246356783,
              -23.2151696443644
            ],
            [
              -46.8479408517794,
              -23.2152083830648
            ],
            [
              -46.8480355463804,
              -23.2152428174651
            ],
            [
              -46.8481431538814,
              -23.2152923169156
            ],
            [
              -46.8481969576319,
              -23.215335359916
            ],
            [
              -46.8482486092324,
              -23.2153891636666
            ],
            [
              -46.8493203799428,
              -23.2149458207623
            ],
            [
              -46.849339749293,
              -23.2148209960611
            ],
            [
              -46.8493677272432,
              -23.2147822573607
            ],
            [
              -46.8495743336453,
              -23.2145864117088
            ],
            [
              -46.8496023115955,
              -23.2145691945086
            ],
            [
              -46.8497830921973,
              -23.2143238494062
            ],
            [
              -46.8498971561484,
              -23.2141086344042
            ],
            [
              -46.8494150745437,
              -23.2138094855513
            ]
          ]
        ]
      },
      "properties": {
        "EXPEDIENTE DISPENSA": "1/2022-D",
        "ANO ENTRADA": 2022,
        "MUNICIPIO": "VARZEA PAULISTA",
        "PROPRIETARIO": "NEIDE DE SANDO GARCIA",
        "LOCALIZAÇÃO/ENDEREÇO": "RUA ANTÔNIO DE SANDO, N° 657, VILA SANTA CATARINA",
        "Nº DE UNIDADES HABITACIONAIS": 27,
        "ÁREA TOTAL DA GLEBA/M²": "25288.28",
        "TIPOLOGIA DA CONSTRUÇÃO": null,
        "DATA DO CERTIFICADO": "2022-05-24T00:00:00",
        "SITUAÇÃO": "DISPENSADO"
      }
    },
    {
      "type": "Feature",
      "geometry": {
        "type": "Polygon",
        "coordinates": [
          [
            [
              -47.3648162658404,
              -23.032546802194
            ],
            [
              -47.36375095158,
              -23.0332333380506
            ],
            [
              -47.3643234234856,
              -23.0340468507585
            ],
            [
              -47.3643492492858,
              -23.0340855894589
            ],
            [
              -47.364368618636,
              -23.0341114152592
            ],
            [
              -47.3644009008863,
              -23.0341243281593
            ],
            [
              -47.3644267266866,
              -23.0341243281593
            ],
            [
              -47.3654382371964,
              -23.0335346390535
            ],
            [
              -47.3648162658404,
              -23.032546802194
            ]
          ]
        ]
      },
      "properties": {
        "EXPEDIENTE DISPENSA": "139/2022-D",
        "ANO ENTRADA": 2022,
        "MUNICIPIO": "ELIAS FAUSTO",
        "PROPRIETARIO": "AM4 HOLDING LTDA",
        "LOCALIZAÇÃO/ENDEREÇO": "RUA JOSÉ MALAQUIAS PAES, LADO PAR",
        "Nº DE UNIDADES HABITACIONAIS": 9,
        "ÁREA TOTAL DA GLEBA/M²": "17531.009999999998",
        "TIPOLOGIA DA CONSTRUÇÃO": null,
        "DATA DO CERTIFICADO": "2022-05-24T00:00:00",
        "SITUAÇÃO": "DISPENSADO"
      }
    },
    {
      "type": "Feature",
      "geometry": {
        "type": "Polygon",
        "coordinates": [
          [
            [
              -47.8283829238845,
              -23.0338165707063
            ],
            [
              -47.82792021163,
              -23.0334485530527
            ],
            [
              -47.8277996912288,
              -23.0319151461629
            ],
            [
              -47.827816908429,
              -23.0318850160626
            ],
            [
              -47.8278556471294,
              -23.0318656467124
            ],
            [
              -47.8278986901298,
              -23.0318570381123
            ],
            [
              -47.828230121233,
              -23.0318441252122
            ],
            [
              -47.8283829238845,
              -23.0338165707063
            ]
          ]
        ]
      },
      "properties": {
        "EXPEDIENTE DISPENSA": "206/2022-D",
        "ANO ENTRADA": 2022,
        "MUNICIPIO": "LARANJAL PAULISTA",
        "PROPRIETARIO": "FAULIN EMPREENDIMENTOS IMOBILIÁRIOS - SOCIEDADE LIMITADA DE PROPÓSITO ESPECIFICO",
        "LOCALIZAÇÃO/ENDEREÇO": "RUA CÉLIO ROBERTO FAULIN, RUA NICOLA DENENO E TRAVESSA LUIZ DEFÁCIO, SAO ROQUE",
        "Nº DE UNIDADES HABITACIONAIS": 21,
        "ÁREA TOTAL DA GLEBA/M²": "7887",
        "TIPOLOGIA DA CONSTRUÇÃO": null,
        "DATA DO CERTIFICADO": "2022-05-24T00:00:00",
        "SITUAÇÃO": "DISPENSADO"
      }
    },
    {
      "type": "Feature",
      "geometry": {
        "type": "Polygon",
        "coordinates": [
          [
            [
              -47.8278341256292,
              -23.0332128926254
            ],
            [
              -47.8278018433788,
              -23.0332537834758
            ],
            [
              -47.8277631046785,
              -23.0332796092761
            ],
            [
              -47.827713605228,
              -23.0332882178762
            ],
            [
              -47.8276899315778,
              -23.0332817614261
            ],
            [
              -47.8273628047746,
              -23.0330084383735
            ],
            [
              -47.8272939359739,
              -23.0318764074625
            ],
            [
              -47.8276641057775,
              -23.0318677988624
            ],
            [
              -47.8276899315777,
              -23.0318764074625
            ],
            [
              -47.827715757378,
              -23.0319022332627
            ],
            [
              -47.8277243659781,
              -23.031932363363
            ],
            [
              -47.8278341256292,
              -23.0332128926254
            ]
          ]
        ]
      },
      "properties": {
        "EXPEDIENTE DISPENSA": "208/2022-D",
        "ANO ENTRADA": 2022,
        "MUNICIPIO": "LARANJAL PAULISTA",
        "PROPRIETARIO": "FAULIN EMPREENDIMENTOS IMOBILIÁRIOS - SOCIEDADE LIMITADA DE PROPÓSITO ESPECIFICO",
        "LOCALIZAÇÃO/ENDEREÇO": "RUA CÉLIO ROBERTO FAULIN, RUA NICOLA DENENO E TRAVESSA LUIZ DEFÁCIO, SAO ROQUE",
        "Nº DE UNIDADES HABITACIONAIS": 13,
        "ÁREA TOTAL DA GLEBA/M²": "5823",
        "TIPOLOGIA DA CONSTRUÇÃO": null,
        "DATA DO CERTIFICADO": "2022-05-24T00:00:00",
        "SITUAÇÃO": "DISPENSADO"
      }
    },
    {
      "type": "Feature",
      "geometry": {
        "type": "Polygon",
        "coordinates": [
          [
            [
              -49.5784330364072,
              -20.7272889280576
            ],
            [
              -49.5777454244755,
              -20.7277780041498
            ],
            [
              -49.5781497596607,
              -20.7281314947907
            ],
            [
              -49.5781667078421,
              -20.7281363371283
            ],
            [
              -49.5781836560235,
              -20.7281363371283
            ],
            [
              -49.5781933406986,
              -20.7281363371283
            ],
            [
              -49.5787865270481,
              -20.7277610559684
            ],
            [
              -49.5784330364072,
              -20.7272889280576
            ]
          ]
        ]
      },
      "properties": {
        "EXPEDIENTE DISPENSA": "257/2022-D",
        "ANO ENTRADA": 2022,
        "MUNICIPIO": "BALSAMO",
        "PROPRIETARIO": "JUCELI APARECIDA TROIANO MACHADO E OUTRO",
        "LOCALIZAÇÃO/ENDEREÇO": "RODOVIA JOSÉ JERÔNIMO DE PAULA SM-01 (LADO ÍMPAR), ESQUINA COM A RUA JOAO FERNANDES ALVES, QUADRA \"A\"",
        "Nº DE UNIDADES HABITACIONAIS": 6,
        "ÁREA TOTAL DA GLEBA/M²": "4653.7700000000004",
        "TIPOLOGIA DA CONSTRUÇÃO": null,
        "DATA DO CERTIFICADO": "2022-06-07T00:00:00",
        "SITUAÇÃO": "DISPENSADO"
      }
    },
    {
      "type": "Feature",
      "geometry": {
        "type": "Polygon",
        "coordinates": [
          [
            [
              -49.4967923014277,
              -21.3440051372804
            ],
            [
              -49.4942161778527,
              -21.3442569388329
            ],
            [
              -49.4944340830423,
              -21.3450123434902
            ],
            [
              -49.4969859949296,
              -21.3447508572626
            ],
            [
              -49.4967923014277,
              -21.3440051372804
            ]
          ]
        ]
      },
      "properties": {
        "EXPEDIENTE DISPENSA": "335/2022-D",
        "ANO ENTRADA": 2022,
        "MUNICIPIO": "SALES",
        "PROPRIETARIO": "LOURENÇO ADRIANO AMÊNDOLA E DANIELA MENDES AMÊNDOLA",
        "LOCALIZAÇÃO/ENDEREÇO": "AVENIDA INDEPENDÊNCIA (LADO IMPAR), FAZENDA CERVINHO DE CIMA, CHÁCARA SAO JOSÉ",
        "Nº DE UNIDADES HABITACIONAIS": 8,
        "ÁREA TOTAL DA GLEBA/M²": "22963",
        "TIPOLOGIA DA CONSTRUÇÃO": null,
        "DATA DO CERTIFICADO": "2022-06-21T00:00:00",
        "SITUAÇÃO": "DISPENSADO"
      }
    },
    {
      "type": "Feature",
      "geometry": {
        "type": "Polygon",
        "coordinates": [
          [
            [
              -47.4670139342816,
              -24.2857621198678
            ],
            [
              -47.4669830643797,
              -24.2857766468804
            ],
            [
              -47.4669667214905,
              -24.2857820945101
            ],
            [
              -47.466943115095,
              -24.2857984373994
            ],
            [
              -47.4669304039589,
              -24.2858111485354
            ],
            [
              -47.4666743653611,
              -24.2863740702753
            ],
            [
              -47.4669412992184,
              -24.2864230989429
            ],
            [
              -47.4668940864273,
              -24.2868752522114
            ],
            [
              -47.4673008427812,
              -24.2870005476954
            ],
            [
              -47.4673643984615,
              -24.2859763933042
            ],
            [
              -47.4673716619679,
              -24.2858728883392
            ],
            [
              -47.4673662143381,
              -24.2858383866842
            ],
            [
              -47.4673498714489,
              -24.285800253276
            ],
            [
              -47.4673262650534,
              -24.2857693833741
            ],
            [
              -47.4672899475218,
              -24.285743961102
            ],
            [
              -47.4672554458667,
              -24.2857366975957
            ],
            [
              -47.4670139342816,
              -24.2857621198678
            ]
          ]
        ]
      },
      "properties": {
        "EXPEDIENTE DISPENSA": "177/2022-D",
        "ANO ENTRADA": 2022,
        "MUNICIPIO": "MIRACATU",
        "PROPRIETARIO": "N S LOUREIRO INCORPORADORA EIRELI - ME",
        "LOCALIZAÇÃO/ENDEREÇO": "SÍTIO BELA VISTA QUATRO - ÁREA \"B\", VILA FORMOSA",
        "Nº DE UNIDADES HABITACIONAIS": 24,
        "ÁREA TOTAL DA GLEBA/M²": "6347.8",
        "TIPOLOGIA DA CONSTRUÇÃO": null,
        "DATA DO CERTIFICADO": "2022-06-28T00:00:00",
        "SITUAÇÃO": "DISPENSADO"
      }
    },
    {
      "type": "Feature",
      "geometry": {
        "type": "Polygon",
        "coordinates": [
          [
            [
              -47.5487445530387,
              -22.3841481893324
            ],
            [
              -47.5486143206402,
              -22.3839634806365
            ],
            [
              -47.5485751658014,
              -22.3839243257978
            ],
            [
              -47.5485419693077,
              -22.3839251769899
            ],
            [
              -47.547912087119,
              -22.3844001422079
            ],
            [
              -47.5478882537389,
              -22.3844222732037
            ],
            [
              -47.5480925398541,
              -22.3846010235546
            ],
            [
              -47.5487445530387,
              -22.3841481893324
            ]
          ]
        ]
      },
      "properties": {
        "EXPEDIENTE DISPENSA": "334/2022-D",
        "ANO ENTRADA": 2022,
        "MUNICIPIO": "RIO CLARO",
        "PROPRIETARIO": "MARTINS ROSSETTI EMPREENDIMENTOS E PARTICIPAÇÕES LTDA",
        "LOCALIZAÇÃO/ENDEREÇO": "RUA 8A, ESQUINA COM A AVENIDA 60A, VILA CRISTINA",
        "Nº DE UNIDADES HABITACIONAIS": 16,
        "ÁREA TOTAL DA GLEBA/M²": "2478.0300000000002",
        "TIPOLOGIA DA CONSTRUÇÃO": null,
        "DATA DO CERTIFICADO": "2022-07-05T00:00:00",
        "SITUAÇÃO": "DISPENSADO"
      }
    },
    {
      "type": "Feature",
      "geometry": {
        "type": "Polygon",
        "coordinates": [
          [
            [
              -47.773750174744,
              -22.6869257479137
            ],
            [
              -47.7729649499885,
              -22.6871728064343
            ],
            [
              -47.7729400526182,
              -22.6871919582576
            ],
            [
              -47.7729209007949,
              -22.6872302619042
            ],
            [
              -47.7729285615242,
              -22.6872800566448
            ],
            [
              -47.7732407362441,
              -22.6881342279643
            ],
            [
              -47.7732618032497,
              -22.6881533797876
            ],
            [
              -47.7733001068963,
              -22.6881706164286
            ],
            [
              -47.7733384105429,
              -22.6881725316109
            ],
            [
              -47.7741351263925,
              -22.6879522856429
            ],
            [
              -47.7741485326688,
              -22.6879235579079
            ],
            [
              -47.7741638541274,
              -22.6878909998083
            ],
            [
              -47.7741638541274,
              -22.6878565265264
            ],
            [
              -47.7738593401368,
              -22.6869985248423
            ],
            [
              -47.7738497642252,
              -22.6869717122896
            ],
            [
              -47.7738325275842,
              -22.686950645284
            ],
            [
              -47.7738133757609,
              -22.6869353238253
            ],
            [
              -47.7737961391199,
              -22.6869257479137
            ],
            [
              -47.773750174744,
              -22.6869257479137
            ]
          ]
        ]
      },
      "properties": {
        "EXPEDIENTE DISPENSA": "404/2022-D",
        "ANO ENTRADA": 2022,
        "MUNICIPIO": "PIRACICABA",
        "PROPRIETARIO": "LUIZ MANOEL CERSOSIMO E ROSA MARIA SEGHESE CERSOSIMO",
        "LOCALIZAÇÃO/ENDEREÇO": "RUA JOSÉ LAUDELINO PEREIRA, DISTRITO DE ARTEMIS",
        "Nº DE UNIDADES HABITACIONAIS": 37,
        "ÁREA TOTAL DA GLEBA/M²": "11330.32",
        "TIPOLOGIA DA CONSTRUÇÃO": null,
        "DATA DO CERTIFICADO": "2022-07-05T00:00:00",
        "SITUAÇÃO": "DISPENSADO"
      }
    },
    {
      "type": "Feature",
      "geometry": {
        "type": "Polygon",
        "coordinates": [
          [
            [
              -49.886670485203,
              -22.9408016837582
            ],
            [
              -49.8848261646186,
              -22.9429390272391
            ],
            [
              -49.8876702103796,
              -22.9448522943874
            ],
            [
              -49.8878339584688,
              -22.9441369737869
            ],
            [
              -49.8878511951098,
              -22.9436457295191
            ],
            [
              -49.8876788287001,
              -22.9428269890728
            ],
            [
              -49.8870583096249,
              -22.9414911493972
            ],
            [
              -49.8868514699332,
              -22.940974050168
            ],
            [
              -49.8867480500874,
              -22.9408275387197
            ],
            [
              -49.886670485203,
              -22.9408016837582
            ]
          ]
        ]
      },
      "properties": {
        "EXPEDIENTE DISPENSA": "409/2022-D",
        "ANO ENTRADA": 2022,
        "MUNICIPIO": "OURINHOS",
        "PROPRIETARIO": "BERTAIA IMÓVEIS E PARTICIPAÇÕES LTDA",
        "LOCALIZAÇÃO/ENDEREÇO": "RUA EDWIN HASLINGER, FAZENDA FURNAS",
        "Nº DE UNIDADES HABITACIONAIS": 1,
        "ÁREA TOTAL DA GLEBA/M²": "65639",
        "TIPOLOGIA DA CONSTRUÇÃO": null,
        "DATA DO CERTIFICADO": "2022-07-19T00:00:00",
        "SITUAÇÃO": "DISPENSADO"
      }
    },
    {
      "type": "Feature",
      "geometry": {
        "type": "Polygon",
        "coordinates": [
          [
            [
              -49.5864626025623,
              -21.1820238553358
            ],
            [
              -49.5865207762256,
              -21.1822533181188
            ],
            [
              -49.5857548229922,
              -21.1822500862486
            ],
            [
              -49.5847917256777,
              -21.1825668095266
            ],
            [
              -49.5847626388461,
              -21.1823373467436
            ],
            [
              -49.585502737118,
              -21.1820691015184
            ],
            [
              -49.5857321999009,
              -21.1820206234656
            ],
            [
              -49.5860036769963,
              -21.1819947685042
            ],
            [
              -49.5864626025623,
              -21.1820238553358
            ]
          ]
        ]
      },
      "properties": {
        "EXPEDIENTE DISPENSA": "201/2022-D",
        "ANO ENTRADA": 2022,
        "MUNICIPIO": "MENDONCA",
        "PROPRIETARIO": "DE VIVO MENDONÇA EMPREENDIMENTOS IMOBILIÁRIOS SPE LTDA",
        "LOCALIZAÇÃO/ENDEREÇO": "RUA DAVINO DE PAULA FERREIRA",
        "Nº DE UNIDADES HABITACIONAIS": 23,
        "ÁREA TOTAL DA GLEBA/M²": "3982.68",
        "TIPOLOGIA DA CONSTRUÇÃO": null,
        "DATA DO CERTIFICADO": "2022-07-26T00:00:00",
        "SITUAÇÃO": "DISPENSADO"
      }
    },
    {
      "type": "Feature",
      "geometry": {
        "type": "Polygon",
        "coordinates": [
          [
            [
              -47.7710273208531,
              -21.0282970464608
            ],
            [
              -47.7711060598153,
              -21.0281211620257
            ],
            [
              -47.7711091275671,
              -21.0280792360848
            ],
            [
              -47.7711070823992,
              -21.0280526489028
            ],
            [
              -47.7710866307207,
              -21.0280260617207
            ],
            [
              -47.7710753822975,
              -21.0280137907136
            ],
            [
              -47.7710426596119,
              -21.027995384203
            ],
            [
              -47.7703994543231,
              -21.0277520092288
            ],
            [
              -47.7703636638857,
              -21.0277499640609
            ],
            [
              -47.770331963784,
              -21.0277581447323
            ],
            [
              -47.7702971959306,
              -21.0277550769806
            ],
            [
              -47.7702808345878,
              -21.0277438285574
            ],
            [
              -47.7702614054932,
              -21.0277336027181
            ],
            [
              -47.7702460667343,
              -21.0277203091271
            ],
            [
              -47.7702348183111,
              -21.0276926993611
            ],
            [
              -47.7701877794506,
              -21.0276742928505
            ],
            [
              -47.7700313241101,
              -21.0278828999712
            ],
            [
              -47.7710273208531,
              -21.0282970464608
            ]
          ]
        ]
      },
      "properties": {
        "EXPEDIENTE DISPENSA": "440/2022-D",
        "ANO ENTRADA": 2022,
        "MUNICIPIO": "JARDINOPOLIS",
        "PROPRIETARIO": "CESAR PEREIRA DE OLIVEIRA E OUTRA",
        "LOCALIZAÇÃO/ENDEREÇO": "RUA OLGA JOSÉ DE OLIVEIRA",
        "Nº DE UNIDADES HABITACIONAIS": 10,
        "ÁREA TOTAL DA GLEBA/M²": "2961.92",
        "TIPOLOGIA DA CONSTRUÇÃO": null,
        "DATA DO CERTIFICADO": "2022-07-26T00:00:00",
        "SITUAÇÃO": "DISPENSADO"
      }
    },
    {
      "type": "Feature",
      "geometry": {
        "type": "Polygon",
        "coordinates": [
          [
            [
              -46.6803301407638,
              -23.692886511433
            ],
            [
              -46.6814910451426,
              -23.6918420857544
            ],
            [
              -46.6837584971734,
              -23.693480552804
            ],
            [
              -46.6835333050197,
              -23.6936863318411
            ],
            [
              -46.6833585869694,
              -23.6938028105413
            ],
            [
              -46.6831450426856,
              -23.6939154066182
            ],
            [
              -46.682783958715,
              -23.6940357679417
            ],
            [
              -46.6822908655507,
              -23.6941405987719
            ],
            [
              -46.6819181337101,
              -23.6942066033687
            ],
            [
              -46.6803301407638,
              -23.692886511433
            ]
          ]
        ]
      },
      "properties": {
        "EXPEDIENTE DISPENSA": "473/2022-D",
        "ANO ENTRADA": 2022,
        "MUNICIPIO": "SAO PAULO",
        "PROPRIETARIO": "MRV XC INCORPORAÇÕES LTDA",
        "LOCALIZAÇÃO/ENDEREÇO": "RUA MIGUEL YUNES (ANTIGA AVENIDA MARGINAL) X RUA JOSÉ MARTINS COELHO (ANTIGA RUA 2), BAIRRO USINA PIRATININGA",
        "Nº DE UNIDADES HABITACIONAIS": 4,
        "ÁREA TOTAL DA GLEBA/M²": "53982.23",
        "TIPOLOGIA DA CONSTRUÇÃO": null,
        "DATA DO CERTIFICADO": "2022-08-02T00:00:00",
        "SITUAÇÃO": "DISPENSADO"
      }
    },
    {
      "type": "Feature",
      "geometry": {
        "type": "Polygon",
        "coordinates": [
          [
            [
              -46.4720762093143,
              -23.5982239973504
            ],
            [
              -46.4713152196421,
              -23.5955203677546
            ],
            [
              -46.4708142275764,
              -23.5957034889924
            ],
            [
              -46.4711251881689,
              -23.5964705251205
            ],
            [
              -46.4697189552673,
              -23.59690586995
            ],
            [
              -46.4703028701577,
              -23.5980184178476
            ],
            [
              -46.4704790811601,
              -23.5979389501406
            ],
            [
              -46.4715432574099,
              -23.5979182194345
            ],
            [
              -46.4716676416469,
              -23.5979424052583
            ],
            [
              -46.4717643849424,
              -23.5979942320237
            ],
            [
              -46.4719025896502,
              -23.5980633343776
            ],
            [
              -46.4720762093143,
              -23.5982239973504
            ]
          ]
        ]
      },
      "properties": {
        "EXPEDIENTE DISPENSA": "522/2022-D",
        "ANO ENTRADA": 2022,
        "MUNICIPIO": "SAO PAULO",
        "PROPRIETARIO": "CCISA120 INCORPORADORA LTDA",
        "LOCALIZAÇÃO/ENDEREÇO": "RUA ANDRÉ DE ALMEIDA, N.º 2.665, JARDIM COLONIAL",
        "Nº DE UNIDADES HABITACIONAIS": 2,
        "ÁREA TOTAL DA GLEBA/M²": "33206.68",
        "TIPOLOGIA DA CONSTRUÇÃO": null,
        "DATA DO CERTIFICADO": "2022-08-16T00:00:00",
        "SITUAÇÃO": "DISPENSADO"
      }
    },
    {
      "type": "Feature",
      "geometry": {
        "type": "Polygon",
        "coordinates": [
          [
            [
              -49.2838445958543,
              -21.196463922908
            ],
            [
              -49.2841931798494,
              -21.1947420711959
            ],
            [
              -49.2837066944936,
              -21.1944145554642
            ],
            [
              -49.2830899689637,
              -21.1942881458836
            ],
            [
              -49.2828179968357,
              -21.1948972102267
            ],
            [
              -49.2838445958543,
              -21.196463922908
            ]
          ]
        ]
      },
      "properties": {
        "EXPEDIENTE DISPENSA": "517/2022-D",
        "ANO ENTRADA": 2022,
        "MUNICIPIO": "URUPES",
        "PROPRIETARIO": "JORDAN LOTEAMENTOS LTDA",
        "LOCALIZAÇÃO/ENDEREÇO": "RUA CASTRO ALVES, LADO ÍMPAR",
        "Nº DE UNIDADES HABITACIONAIS": 16,
        "ÁREA TOTAL DA GLEBA/M²": "18767.810000000001",
        "TIPOLOGIA DA CONSTRUÇÃO": null,
        "DATA DO CERTIFICADO": "2022-08-23T00:00:00",
        "SITUAÇÃO": "DISPENSADO"
      }
    },
    {
      "type": "Feature",
      "geometry": {
        "type": "Polygon",
        "coordinates": [
          [
            [
              -47.4060877342718,
              -21.0193162180074
            ],
            [
              -47.4061624308422,
              -21.0195029594333
            ],
            [
              -47.4046282782043,
              -21.0203361134876
            ],
            [
              -47.403582526219,
              -21.0220311510462
            ],
            [
              -47.403392911848,
              -21.0219679462559
            ],
            [
              -47.4044846309536,
              -21.0201982121269
            ],
            [
              -47.4060877342718,
              -21.0193162180074
            ]
          ]
        ]
      },
      "properties": {
        "EXPEDIENTE DISPENSA": "544/2022-D",
        "ANO ENTRADA": 2022,
        "MUNICIPIO": "ALTINOPOLIS",
        "PROPRIETARIO": "HF HOLDING PARTICIPAÇÕES LTDA",
        "LOCALIZAÇÃO/ENDEREÇO": "RUA ARLINDO JOSÉ THOMAZ, JARDIM DAS ACÁCIAS",
        "Nº DE UNIDADES HABITACIONAIS": 44,
        "ÁREA TOTAL DA GLEBA/M²": "9773",
        "TIPOLOGIA DA CONSTRUÇÃO": null,
        "DATA DO CERTIFICADO": "2022-08-30T00:00:00",
        "SITUAÇÃO": "DISPENSADO"
      }
    },
    {
      "type": "Feature",
      "geometry": {
        "type": "Polygon",
        "coordinates": [
          [
            [
              -45.5678927620165,
              -23.0544535461671
            ],
            [
              -45.5656599450629,
              -23.0532926968221
            ],
            [
              -45.56593467043,
              -23.0528240476666
            ],
            [
              -45.5681216998224,
              -23.0540656985901
            ],
            [
              -45.56814324691,
              -23.0541114861513
            ],
            [
              -45.5678927620165,
              -23.0544535461671
            ]
          ]
        ]
      },
      "properties": {
        "EXPEDIENTE DISPENSA": "502/2022-D",
        "ANO ENTRADA": 2022,
        "MUNICIPIO": "TAUBATE",
        "PROPRIETARIO": "PAULO RIBEIRO PERROTA JÚNIOR E OUTROS",
        "LOCALIZAÇÃO/ENDEREÇO": "RUA PADRE JOSÉ CLAUDEMIR MADELLA, ESQUINA COM AVENIDA GASPAR VAZ DA CUNHA, S/N°, BAIRRO CAIXA D'AGUA",
        "Nº DE UNIDADES HABITACIONAIS": 42,
        "ÁREA TOTAL DA GLEBA/M²": "14523.83",
        "TIPOLOGIA DA CONSTRUÇÃO": null,
        "DATA DO CERTIFICADO": "2022-09-13T00:00:00",
        "SITUAÇÃO": "DISPENSADO"
      }
    },
    {
      "type": "Feature",
      "geometry": {
        "type": "Polygon",
        "coordinates": [
          [
            [
              -47.9620779378705,
              -23.2229737812899
            ],
            [
              -47.9620097615386,
              -23.2228800388336
            ],
            [
              -47.9618325030757,
              -23.2228919696916
            ],
            [
              -47.9619194278988,
              -23.2238958661787
            ],
            [
              -47.9619296543486,
              -23.2239469984277
            ],
            [
              -47.9636988301612,
              -23.2238720044626
            ],
            [
              -47.9638914282988,
              -23.2235686197857
            ],
            [
              -47.9639221076481,
              -23.2233436378904
            ],
            [
              -47.9630358153335,
              -23.2234868081874
            ],
            [
              -47.9630153624339,
              -23.2229618504318
            ],
            [
              -47.9620779378705,
              -23.2229737812899
            ]
          ]
        ]
      },
      "properties": {
        "EXPEDIENTE DISPENSA": "586/2022-D",
        "ANO ENTRADA": 2022,
        "MUNICIPIO": "CESARIO LANGE",
        "PROPRIETARIO": "MURILO DE CAMARGO BARROS E OUTROS",
        "LOCALIZAÇÃO/ENDEREÇO": "AV. GABRIEL INÁCIO DE ALMEIDA, ESQUINA COM A RUA CAMARGO BARROS, BAIRRO ALELUIA",
        "Nº DE UNIDADES HABITACIONAIS": 29,
        "ÁREA TOTAL DA GLEBA/M²": "17259.03",
        "TIPOLOGIA DA CONSTRUÇÃO": null,
        "DATA DO CERTIFICADO": "2022-09-13T00:00:00",
        "SITUAÇÃO": "DISPENSADO"
      }
    },
    {
      "type": "Feature",
      "geometry": {
        "type": "Polygon",
        "coordinates": [
          [
            [
              -50.5392910166192,
              -19.9362057125666
            ],
            [
              -50.5393190663101,
              -19.935971965143
            ],
            [
              -50.5423421996557,
              -19.9363927105055
            ],
            [
              -50.5423110333325,
              -19.9366264579292
            ],
            [
              -50.5392910166192,
              -19.9362057125666
            ]
          ]
        ]
      },
      "properties": {
        "EXPEDIENTE DISPENSA": "578/2022-D",
        "ANO ENTRADA": 2022,
        "MUNICIPIO": "POPULINA",
        "PROPRIETARIO": "ITAMAR JARDIM DE OLIVEIRA E OUTRA",
        "LOCALIZAÇÃO/ENDEREÇO": "RUA B, S/N°",
        "Nº DE UNIDADES HABITACIONAIS": 27,
        "ÁREA TOTAL DA GLEBA/M²": "8065.87",
        "TIPOLOGIA DA CONSTRUÇÃO": null,
        "DATA DO CERTIFICADO": "2022-09-20T00:00:00",
        "SITUAÇÃO": "DISPENSADO"
      }
    },
    {
      "type": "Feature",
      "geometry": {
        "type": "Polygon",
        "coordinates": [
          [
            [
              -47.7393728094738,
              -23.1642880303308
            ],
            [
              -47.7394031442797,
              -23.1645624880982
            ],
            [
              -47.7394074778234,
              -23.1645827113022
            ],
            [
              -47.7391517987453,
              -23.1646014899915
            ],
            [
              -47.7391286865123,
              -23.1643775902339
            ],
            [
              -47.7391503542307,
              -23.1643414773697
            ],
            [
              -47.7391806890366,
              -23.1643212541658
            ],
            [
              -47.7393728094738,
              -23.1642880303308
            ]
          ]
        ]
      },
      "properties": {
        "EXPEDIENTE DISPENSA": "647/2022-D",
        "ANO ENTRADA": 2022,
        "MUNICIPIO": "CERQUILHO",
        "PROPRIETARIO": "JOSE FERNANDO SANSON E PAULINA VISENTIN SANSON",
        "LOCALIZAÇÃO/ENDEREÇO": "RUA BRASÍLIA, QUADRA 1, CENTRO",
        "Nº DE UNIDADES HABITACIONAIS": 3,
        "ÁREA TOTAL DA GLEBA/M²": "821.02",
        "TIPOLOGIA DA CONSTRUÇÃO": null,
        "DATA DO CERTIFICADO": "2022-09-27T00:00:00",
        "SITUAÇÃO": "DISPENSADO"
      }
    },
    {
      "type": "Feature",
      "geometry": {
        "type": "Polygon",
        "coordinates": [
          [
            [
              -47.5963954896596,
              -20.8835766244352
            ],
            [
              -47.5964560908435,
              -20.8845202714417
            ],
            [
              -47.5960376540975,
              -20.884560672231
            ],
            [
              -47.5960780548867,
              -20.8852734575845
            ],
            [
              -47.595887594023,
              -20.8852850006672
            ],
            [
              -47.5957894778205,
              -20.8833342196996
            ],
            [
              -47.5963954896596,
              -20.8835766244352
            ]
          ]
        ]
      },
      "properties": {
        "EXPEDIENTE DISPENSA": "571/2022-D",
        "ANO ENTRADA": 2022,
        "MUNICIPIO": "BATATAIS",
        "PROPRIETARIO": "JPMAR EMPREENDIMENTOS IMOBILIÁRIOS LTDA",
        "LOCALIZAÇÃO/ENDEREÇO": "AVENIDA PREFEITO WASHINGTON LUIS E RUA DOM BOSCO, CASTELO",
        "Nº DE UNIDADES HABITACIONAIS": 2,
        "ÁREA TOTAL DA GLEBA/M²": "8518.67",
        "TIPOLOGIA DA CONSTRUÇÃO": null,
        "DATA DO CERTIFICADO": "2022-10-04T00:00:00",
        "SITUAÇÃO": "DISPENSADO"
      }
    },
    {
      "type": "Feature",
      "geometry": {
        "type": "Polygon",
        "coordinates": [
          [
            [
              -46.4736823489671,
              -23.5475583720371
            ],
            [
              -46.4734602680693,
              -23.5476350908927
            ],
            [
              -46.4733997005518,
              -23.5476795070723
            ],
            [
              -46.4733350951997,
              -23.5477319989208
            ],
            [
              -46.4733027925237,
              -23.5477683394314
            ],
            [
              -46.4732341493371,
              -23.547877360963
            ],
            [
              -46.473201846661,
              -23.5479863824946
            ],
            [
              -46.47320992233,
              -23.5480913661917
            ],
            [
              -46.4733552843722,
              -23.5487212683744
            ],
            [
              -46.4734441167313,
              -23.5488787439201
            ],
            [
              -46.4735450625939,
              -23.5489675762792
            ],
            [
              -46.473609667946,
              -23.5489958411207
            ],
            [
              -46.4737469543192,
              -23.5490362194658
            ],
            [
              -46.4739528838789,
              -23.5490281437968
            ],
            [
              -46.476234260374,
              -23.5489312357687
            ],
            [
              -46.4764724926097,
              -23.5489110465961
            ],
            [
              -46.4767632166941,
              -23.548830289906
            ],
            [
              -46.4768520490532,
              -23.5487616467195
            ],
            [
              -46.4769328057433,
              -23.5486647386914
            ],
            [
              -46.4769772219228,
              -23.5485718684978
            ],
            [
              -46.4768601247222,
              -23.548382090276
            ],
            [
              -46.4767107248455,
              -23.5480429121777
            ],
            [
              -46.4766340059899,
              -23.5476795070723
            ],
            [
              -46.4766057411484,
              -23.5473928208224
            ],
            [
              -46.4766138168174,
              -23.5471868912627
            ],
            [
              -46.4765370979618,
              -23.5471384372486
            ],
            [
              -46.4763957737541,
              -23.5470819075656
            ],
            [
              -46.4763069413951,
              -23.5470697940621
            ],
            [
              -46.476226184705,
              -23.5470657562276
            ],
            [
              -46.4736823489671,
              -23.5475583720371
            ]
          ]
        ]
      },
      "properties": {
        "EXPEDIENTE DISPENSA": "670/2022-D",
        "ANO ENTRADA": 2022,
        "MUNICIPIO": "SAO PAULO",
        "PROPRIETARIO": "MRV ENGENHARIA E PARTICIPAÇÕES S/A",
        "LOCALIZAÇÃO/ENDEREÇO": "AV. JEAN KHOURY FARAH X AV. MIGUEL IGNÁCIO CURI X COMPLEXO VIÁRIO ARIETA CALFAT KHOURY FARAH, ITAQUERA",
        "Nº DE UNIDADES HABITACIONAIS": 6,
        "ÁREA TOTAL DA GLEBA/M²": "57119.26",
        "TIPOLOGIA DA CONSTRUÇÃO": null,
        "DATA DO CERTIFICADO": "2022-11-01T00:00:00",
        "SITUAÇÃO": "DISPENSADO"
      }
    },
    {
      "type": "Feature",
      "geometry": {
        "type": "Polygon",
        "coordinates": [
          [
            [
              -45.7227177534576,
              -22.6779620118083
            ],
            [
              -45.7230171609236,
              -22.6773033153829
            ],
            [
              -45.7232067856522,
              -22.6772534141386
            ],
            [
              -45.7233664696341,
              -22.6773831573739
            ],
            [
              -45.7235760548603,
              -22.6775628018535
            ],
            [
              -45.7240151858106,
              -22.6779021303151
            ],
            [
              -45.7241848500413,
              -22.678131676039
            ],
            [
              -45.7243046130278,
              -22.6783512415142
            ],
            [
              -45.7244243760142,
              -22.6786207082337
            ],
            [
              -45.7245441390006,
              -22.6787404712201
            ],
            [
              -45.7242946327789,
              -22.6793492664011
            ],
            [
              -45.7238555018287,
              -22.6795588516274
            ],
            [
              -45.7230770424169,
              -22.6793093454056
            ],
            [
              -45.7224882077336,
              -22.6792993651568
            ],
            [
              -45.7217297088195,
              -22.67935924665
            ],
            [
              -45.7215800050865,
              -22.6794191281432
            ],
            [
              -45.7217097483218,
              -22.677981972306
            ],
            [
              -45.7227177534576,
              -22.6779620118083
            ]
          ]
        ]
      },
      "properties": {
        "EXPEDIENTE DISPENSA": "722/2022-D",
        "ANO ENTRADA": 2022,
        "MUNICIPIO": "SAO BENTO DO SAPUCAI",
        "PROPRIETARIO": "MARTHA MIRTHES NAVARRO CASTELLO E VAGNER LUIS BARBOSA",
        "LOCALIZAÇÃO/ENDEREÇO": "ESTRADA MUNICIPAL DOUTOR JOÃO RENNÓ DE FRANÇA, S/N°, BAIRRO QUILOMBO",
        "Nº DE UNIDADES HABITACIONAIS": 5,
        "ÁREA TOTAL DA GLEBA/M²": "46093.85",
        "TIPOLOGIA DA CONSTRUÇÃO": null,
        "DATA DO CERTIFICADO": "2022-11-01T00:00:00",
        "SITUAÇÃO": "DISPENSADO"
      }
    },
    {
      "type": "Feature",
      "geometry": {
        "type": "Polygon",
        "coordinates": [
          [
            [
              -51.1099255620368,
              -21.1308554854605
            ],
            [
              -51.1098913127784,
              -21.1303845581582
            ],
            [
              -51.1097714403742,
              -21.130119126406
            ],
            [
              -51.110687608035,
              -21.1298965062268
            ],
            [
              -51.1106704834058,
              -21.1299221931705
            ],
            [
              -51.1108588543267,
              -21.130615740652
            ],
            [
              -51.1099255620368,
              -21.1308554854605
            ]
          ]
        ]
      },
      "properties": {
        "EXPEDIENTE DISPENSA": "807/2022-D",
        "ANO ENTRADA": 2022,
        "MUNICIPIO": "MIRANDOPOLIS",
        "PROPRIETARIO": "NAIR NUNES BADAIN E OUTROS",
        "LOCALIZAÇÃO/ENDEREÇO": "RUA JOÃO DOMINGUES DE SOUZA (ENTRE O LOTEAMENTO ALTO DA BOA VISTA II E O JARDIM MIGUITA), CHÁCARA SÃO BOM JESUS DA LAPA",
        "Nº DE UNIDADES HABITACIONAIS": 8,
        "ÁREA TOTAL DA GLEBA/M²": "10939.61",
        "TIPOLOGIA DA CONSTRUÇÃO": null,
        "DATA DO CERTIFICADO": "2022-12-06T00:00:00",
        "SITUAÇÃO": "DISPENSADO"
      }
    },
    {
      "type": "Feature",
      "geometry": {
        "type": "Polygon",
        "coordinates": [
          [
            [
              -50.4964315323327,
              -20.8740711293647
            ],
            [
              -50.4966364424253,
              -20.8739772122389
            ],
            [
              -50.4956631194851,
              -20.8720049525969
            ],
            [
              -50.4954923610746,
              -20.8720732559611
            ],
            [
              -50.4964315323327,
              -20.8740711293647
            ]
          ]
        ]
      },
      "properties": {
        "EXPEDIENTE DISPENSA": "792/2022-D",
        "ANO ENTRADA": 2022,
        "MUNICIPIO": "SANTO ANTONIO DO ARACANGUA",
        "PROPRIETARIO": "LUIZ PERAZZA E IGNEZ VALDEMARIN PERAZZA",
        "LOCALIZAÇÃO/ENDEREÇO": "AV. JOÃO FRANCISCO JUNQUEIRA FRANCO, SÍTIO DONA IGNÊZ, DISTRITO DE MAJOR PRADO",
        "Nº DE UNIDADES HABITACIONAIS": 25,
        "ÁREA TOTAL DA GLEBA/M²": "6412.45",
        "TIPOLOGIA DA CONSTRUÇÃO": null,
        "DATA DO CERTIFICADO": "2022-11-29T00:00:00",
        "SITUAÇÃO": "DISPENSADO"
      }
    },
    {
      "type": "Feature",
      "geometry": {
        "type": "Polygon",
        "coordinates": [
          [
            [
              -46.8160385844613,
              -23.6494988720186
            ],
            [
              -46.8156033427714,
              -23.6494474893191
            ],
            [
              -46.8155974757308,
              -23.6496099386672
            ],
            [
              -46.8159841792501,
              -23.6496590651406
            ],
            [
              -46.8160385844613,
              -23.6494988720186
            ]
          ]
        ]
      },
      "properties": {
        "EXPEDIENTE DISPENSA": "820/2022-D",
        "ANO ENTRADA": 2022,
        "MUNICIPIO": "EMBU DAS ARTES",
        "PROPRIETARIO": "BARBARA ROCHA MEDINA",
        "LOCALIZAÇÃO/ENDEREÇO": "RUA PARIQUERA-AÇU, ÁREA A3, PARQUE PIRAJUSSARA",
        "Nº DE UNIDADES HABITACIONAIS": 7,
        "ÁREA TOTAL DA GLEBA/M²": "888.17",
        "TIPOLOGIA DA CONSTRUÇÃO": null,
        "DATA DO CERTIFICADO": "2022-12-13T00:00:00",
        "SITUAÇÃO": "DISPENSADO"
      }
    },
    {
      "type": "Feature",
      "geometry": {
        "type": "Polygon",
        "coordinates": [
          [
            [
              -46.8156003202596,
              -23.6494474893191
            ],
            [
              -46.8152436638748,
              -23.649402151643
            ],
            [
              -46.81532224918,
              -23.6497406729574
            ],
            [
              -46.8153434067621,
              -23.6497648530513
            ],
            [
              -46.8155882302127,
              -23.6498132132391
            ],
            [
              -46.8156003202596,
              -23.6494474893191
            ]
          ]
        ]
      },
      "properties": {
        "EXPEDIENTE DISPENSA": "823/2022-D",
        "ANO ENTRADA": 2022,
        "MUNICIPIO": "EMBU DAS ARTES",
        "PROPRIETARIO": "PACTUAL IMÓVEIS S/S LTDA",
        "LOCALIZAÇÃO/ENDEREÇO": "RUA PARIQUERA-AÇU, ÁREA A1, PARQUE PIRAJUSSARA",
        "Nº DE UNIDADES HABITACIONAIS": 4,
        "ÁREA TOTAL DA GLEBA/M²": "1020.61",
        "TIPOLOGIA DA CONSTRUÇÃO": null,
        "DATA DO CERTIFICADO": "2022-12-13T00:00:00",
        "SITUAÇÃO": "DISPENSADO"
      }
    },
    {
      "type": "Feature",
      "geometry": {
        "type": "Polygon",
        "coordinates": [
          [
            [
              -46.815983328769,
              -23.6496615100073
            ],
            [
              -46.8155974757308,
              -23.6496149093988
            ],
            [
              -46.8155900196334,
              -23.6498124959787
            ],
            [
              -46.8159243013316,
              -23.6498435630511
            ],
            [
              -46.815983328769,
              -23.6496615100073
            ]
          ]
        ]
      },
      "properties": {
        "EXPEDIENTE DISPENSA": "825/2022-D",
        "ANO ENTRADA": 2022,
        "MUNICIPIO": "EMBU DAS ARTES",
        "PROPRIETARIO": "ANA MARIA DA ROCHA",
        "LOCALIZAÇÃO/ENDEREÇO": "RUA TUPI, ÁREA A2, PARQUE PIRAJUSSARA",
        "Nº DE UNIDADES HABITACIONAIS": 7,
        "ÁREA TOTAL DA GLEBA/M²": "903.6",
        "TIPOLOGIA DA CONSTRUÇÃO": null,
        "DATA DO CERTIFICADO": "2022-12-13T00:00:00",
        "SITUAÇÃO": "DISPENSADO"
      }
    },
    {
      "type": "Feature",
      "geometry": {
        "type": "Polygon",
        "coordinates": [
          [
            [
              -46.8161433534603,
              -23.6496831467512
            ],
            [
              -46.81599620127,
              -23.649634096021
            ],
            [
              -46.8159304918014,
              -23.6498441812236
            ],
            [
              -46.8160878243319,
              -23.6498682438459
            ],
            [
              -46.8161433534603,
              -23.6496831467512
            ]
          ]
        ]
      },
      "properties": {
        "EXPEDIENTE DISPENSA": "826/2022-D",
        "ANO ENTRADA": 2022,
        "MUNICIPIO": "EMBU DAS ARTES",
        "PROPRIETARIO": "GUSTAVO NEVES SANTANA SANTOS",
        "LOCALIZAÇÃO/ENDEREÇO": "RUA TUPI, PARQUE PIRAJUSSARA",
        "Nº DE UNIDADES HABITACIONAIS": 3,
        "ÁREA TOTAL DA GLEBA/M²": "375.62",
        "TIPOLOGIA DA CONSTRUÇÃO": null,
        "DATA DO CERTIFICADO": "2022-12-13T00:00:00",
        "SITUAÇÃO": "DISPENSADO"
      }
    },
    {
      "type": "Feature",
      "geometry": {
        "type": "Polygon",
        "coordinates": [
          [
            [
              -49.5147405681204,
              -20.8148214890594
            ],
            [
              -49.5145240179,
              -20.8148160753039
            ],
            [
              -49.5145204087297,
              -20.8147384781416
            ],
            [
              -49.5142822034873,
              -20.814742087312
            ],
            [
              -49.5142876172428,
              -20.8149676604581
            ],
            [
              -49.514545672922,
              -20.8149532237768
            ],
            [
              -49.5145546958479,
              -20.8150434530353
            ],
            [
              -49.5147459818758,
              -20.8150290163539
            ],
            [
              -49.5147405681204,
              -20.8148214890594
            ]
          ]
        ]
      },
      "properties": {
        "EXPEDIENTE DISPENSA": "828/2022-D",
        "ANO ENTRADA": 2022,
        "MUNICIPIO": "MIRASSOL",
        "PROPRIETARIO": "BLUEBERRY INCORP NEGÓCIOS IMOBILIÁRIOS LTDA",
        "LOCALIZAÇÃO/ENDEREÇO": "RUA BARÃO DO RIO BRANCO, N.° 24-50",
        "Nº DE UNIDADES HABITACIONAIS": 2,
        "ÁREA TOTAL DA GLEBA/M²": "1208.44",
        "TIPOLOGIA DA CONSTRUÇÃO": null,
        "DATA DO CERTIFICADO": "2022-12-13T00:00:00",
        "SITUAÇÃO": "DISPENSADO"
      }
    },
    {
      "type": "Feature",
      "geometry": {
        "type": "Polygon",
        "coordinates": [
          [
            [
              -48.1129287922411,
              -22.2672577266479
            ],
            [
              -48.1130926735857,
              -22.2675399667413
            ],
            [
              -48.1126101340712,
              -22.2678586249112
            ],
            [
              -48.1122914759012,
              -22.267458026069
            ],
            [
              -48.1129287922411,
              -22.2672577266479
            ]
          ]
        ]
      },
      "properties": {
        "EXPEDIENTE DISPENSA": "333/2022-D",
        "ANO ENTRADA": 2022,
        "MUNICIPIO": "BROTAS",
        "PROPRIETARIO": "MARIANA LEITE RODRIGUES E OUTRO",
        "LOCALIZAÇÃO/ENDEREÇO": "AVENIDA ANGELO TREVIZAN, S/N°, ESQUINA COM A RUA OLINDA DESTÉFANI, CAMPOS ELÍSEOS",
        "Nº DE UNIDADES HABITACIONAIS": 9,
        "ÁREA TOTAL DA GLEBA/M²": "5311.8",
        "TIPOLOGIA DA CONSTRUÇÃO": null,
        "DATA DO CERTIFICADO": "2022-12-20T00:00:00",
        "SITUAÇÃO": "DISPENSADO"
      }
    },
    {
      "type": "Feature",
      "geometry": {
        "type": "Polygon",
        "coordinates": [
          [
            [
              -46.6138409048171,
              -23.5593242496395
            ],
            [
              -46.6137994935309,
              -23.5590402865337
            ],
            [
              -46.6135303201702,
              -23.5590609921769
            ],
            [
              -46.6135303201702,
              -23.5589959172985
            ],
            [
              -46.6137521663466,
              -23.5587829449691
            ],
            [
              -46.6127967488135,
              -23.5578778125693
            ],
            [
              -46.6125009539116,
              -23.5580907848987
            ],
            [
              -46.6124417949312,
              -23.557984298734
            ],
            [
              -46.6122643179901,
              -23.5584220751888
            ],
            [
              -46.6121341682333,
              -23.5583510844123
            ],
            [
              -46.6109687363199,
              -23.5599483768825
            ],
            [
              -46.6127612534253,
              -23.5606405369529
            ],
            [
              -46.6138409048171,
              -23.5593242496395
            ]
          ]
        ]
      },
      "properties": {
        "EXPEDIENTE DISPENSA": "860/2022-D",
        "ANO ENTRADA": 2022,
        "MUNICIPIO": "SAO PAULO",
        "PROPRIETARIO": "CCISA66 INCORPORADORA LTDA",
        "LOCALIZAÇÃO/ENDEREÇO": "RUA SERRA DE PARACAINA X AVENIDA DO ESTADO X RUA CORONEL JOÃO DENTE, MÓOCA",
        "Nº DE UNIDADES HABITACIONAIS": 5,
        "ÁREA TOTAL DA GLEBA/M²": "46534.16",
        "TIPOLOGIA DA CONSTRUÇÃO": null,
        "DATA DO CERTIFICADO": "2023-01-10T00:00:00",
        "SITUAÇÃO": "DISPENSADO"
      }
    },
    {
      "type": "Feature",
      "geometry": {
        "type": "Polygon",
        "coordinates": [
          [
            [
              -47.9011893733686,
              -22.0159158716083
            ],
            [
              -47.9012248687568,
              -22.0163891434514
            ],
            [
              -47.8991543044436,
              -22.0165843680866
            ],
            [
              -47.8991069772594,
              -22.01618208702
            ],
            [
              -47.8992726224044,
              -22.0161584234279
            ],
            [
              -47.8992726224044,
              -22.0159927782828
            ],
            [
              -47.8990123228907,
              -22.0159927782828
            ],
            [
              -47.8995329219181,
              -22.0153301977026
            ],
            [
              -47.8992667065064,
              -22.0151349730674
            ],
            [
              -47.8992430429142,
              -22.0148746735537
            ],
            [
              -47.8993909403652,
              -22.014762271491
            ],
            [
              -47.8996334921847,
              -22.0148036827772
            ],
            [
              -47.8997103988592,
              -22.014927916636
            ],
            [
              -47.8996926511651,
              -22.0151468048634
            ],
            [
              -47.9019761878076,
              -22.0151408889654
            ],
            [
              -47.9018105426626,
              -22.0142475883617
            ],
            [
              -47.902508618631,
              -22.0142712519539
            ],
            [
              -47.9025204504271,
              -22.0137388211305
            ],
            [
              -47.9041650700816,
              -22.0136323349658
            ],
            [
              -47.9041177428973,
              -22.0138098119069
            ],
            [
              -47.9052299317284,
              -22.0137624847226
            ],
            [
              -47.906424943132,
              -22.0161643393259
            ],
            [
              -47.905951671289,
              -22.0157502264633
            ],
            [
              -47.905016959399,
              -22.0154899269496
            ],
            [
              -47.9011893733686,
              -22.0159158716083
            ]
          ]
        ]
      },
      "properties": {
        "EXPEDIENTE DISPENSA": "852/2022-D",
        "ANO ENTRADA": 2022,
        "MUNICIPIO": "SAO CARLOS",
        "PROPRIETARIO": "CANTNHO FRATERNO DONA MARIA JACINTA",
        "LOCALIZAÇÃO/ENDEREÇO": "RUA SETE DE SETEMBRO, N° 1000, CENTRO",
        "Nº DE UNIDADES HABITACIONAIS": 2,
        "ÁREA TOTAL DA GLEBA/M²": "113177.26",
        "TIPOLOGIA DA CONSTRUÇÃO": null,
        "DATA DO CERTIFICADO": "2023-01-10T00:00:00",
        "SITUAÇÃO": "DISPENSADO"
      }
    },
    {
      "type": "Feature",
      "geometry": {
        "type": "Polygon",
        "coordinates": [
          [
            [
              -50.9885735920528,
              -20.1820526033875
            ],
            [
              -50.9872839262805,
              -20.1826560249873
            ],
            [
              -50.9852843527438,
              -20.1789526728157
            ],
            [
              -50.9864438687592,
              -20.1780416245179
            ],
            [
              -50.9885735920528,
              -20.1820526033875
            ]
          ]
        ]
      },
      "properties": {
        "EXPEDIENTE DISPENSA": "856/2022-D",
        "ANO ENTRADA": 2022,
        "MUNICIPIO": "RUBINEIA",
        "PROPRIETARIO": "PONZANI E SILVA ATIVIDADES IMOBILIÁRIAS LTDA-ME",
        "LOCALIZAÇÃO/ENDEREÇO": "ESTRADA MUNICIPAL RBN 070 (ANTIGA ESTRADA 01)",
        "Nº DE UNIDADES HABITACIONAIS": 14,
        "ÁREA TOTAL DA GLEBA/M²": "72600",
        "TIPOLOGIA DA CONSTRUÇÃO": null,
        "DATA DO CERTIFICADO": "2023-01-10T00:00:00",
        "SITUAÇÃO": "DISPENSADO"
      }
    },
    {
      "type": "Feature",
      "geometry": {
        "type": "Polygon",
        "coordinates": [
          [
            [
              -46.1308474180747,
              -23.1940655736191
            ],
            [
              -46.1301777777515,
              -23.1940454844094
            ],
            [
              -46.1300940727112,
              -23.1940387880062
            ],
            [
              -46.1299768856546,
              -23.1940086541916
            ],
            [
              -46.1299065734207,
              -23.1941057520385
            ],
            [
              -46.1298463057916,
              -23.1941995016838
            ],
            [
              -46.1298027791706,
              -23.1942798585225
            ],
            [
              -46.1297425115415,
              -23.1943836527726
            ],
            [
              -46.1296956367189,
              -23.1945142326356
            ],
            [
              -46.1298764396061,
              -23.1944372239985
            ],
            [
              -46.1300572424934,
              -23.1944070901839
            ],
            [
              -46.1302480899855,
              -23.1944405722001
            ],
            [
              -46.1303552324372,
              -23.1944740542162
            ],
            [
              -46.1304556784857,
              -23.1945209290389
            ],
            [
              -46.1305393835261,
              -23.1945845448696
            ],
            [
              -46.1306431777762,
              -23.1946381160954
            ],
            [
              -46.1307871504456,
              -23.1947017319261
            ],
            [
              -46.1308306770666,
              -23.1947285175391
            ],
            [
              -46.1308474180747,
              -23.1940655736191
            ]
          ]
        ]
      },
      "properties": {
        "EXPEDIENTE DISPENSA": "744/2022-D",
        "ANO ENTRADA": 2022,
        "MUNICIPIO": "IGARATA",
        "PROPRIETARIO": "EDILEIDE GUERRA DOS SANTOS PEREIRA",
        "LOCALIZAÇÃO/ENDEREÇO": "ESTRADA MUNICIPAL SILVÉRIO PERES LOPES, KM 2,2, BAIRRO DO JAGUARI",
        "Nº DE UNIDADES HABITACIONAIS": 5,
        "ÁREA TOTAL DA GLEBA/M²": "5073.46",
        "TIPOLOGIA DA CONSTRUÇÃO": null,
        "DATA DO CERTIFICADO": "2023-01-24T00:00:00",
        "SITUAÇÃO": "DISPENSADO"
      }
    },
    {
      "type": "Feature",
      "geometry": {
        "type": "Polygon",
        "coordinates": [
          [
            [
              -48.3072368551794,
              -23.5476230905316
            ],
            [
              -48.3070975031562,
              -23.5473598700432
            ],
            [
              -48.3064272862826,
              -23.5475810637309
            ],
            [
              -48.3066573277177,
              -23.5481937702457
            ],
            [
              -48.3070709599136,
              -23.5480256630431
            ],
            [
              -48.3070687479768,
              -23.5479814243056
            ],
            [
              -48.3072368551794,
              -23.5476230905316
            ]
          ]
        ]
      },
      "properties": {
        "EXPEDIENTE DISPENSA": "23/2023-D",
        "ANO ENTRADA": 2023,
        "MUNICIPIO": "ANGATUBA",
        "PROPRIETARIO": "OSMAR GIMENES E CLEIDE POLLI GIMENES",
        "LOCALIZAÇÃO/ENDEREÇO": "RUA JULIO FERREIRA FOGAÇA, DISTRITO DO BOM RETIRO DA ESPERANÇA",
        "Nº DE UNIDADES HABITACIONAIS": 27,
        "ÁREA TOTAL DA GLEBA/M²": "4484.0200000000004",
        "TIPOLOGIA DA CONSTRUÇÃO": null,
        "DATA DO CERTIFICADO": "2023-01-31T00:00:00",
        "SITUAÇÃO": "DISPENSADO"
      }
    },
    {
      "type": "Feature",
      "geometry": {
        "type": "Polygon",
        "coordinates": [
          [
            [
              -48.5594757030235,
              -22.5051180873697
            ],
            [
              -48.559116276641,
              -22.5041701496577
            ],
            [
              -48.5574178882402,
              -22.5047863091705
            ],
            [
              -48.5578207617678,
              -22.5057579453254
            ],
            [
              -48.5594757030235,
              -22.5051180873697
            ]
          ]
        ]
      },
      "properties": {
        "EXPEDIENTE DISPENSA": "200/2020-D",
        "ANO ENTRADA": 2020,
        "MUNICIPIO": "IGARACU DO TIETE",
        "PROPRIETARIO": "VARASQUIM EMPREENDIMENTOS IMOBILIÁRIOS LTDA.",
        "LOCALIZAÇÃO/ENDEREÇO": "RUA JOSÉ CANTU, S/Nº, GLEBA (A/B/C)",
        "Nº DE UNIDADES HABITACIONAIS": 30,
        "ÁREA TOTAL DA GLEBA/M²": "18987.599999999999",
        "TIPOLOGIA DA CONSTRUÇÃO": null,
        "DATA DO CERTIFICADO": "2020-09-22T00:00:00",
        "SITUAÇÃO": "DISPENSADO"
      }
    },
    {
      "type": "Feature",
      "geometry": {
        "type": "Polygon",
        "coordinates": [
          [
            [
              -49.5775366340653,
              -20.8736604156365
            ],
            [
              -49.5776758292942,
              -20.8744955870097
            ],
            [
              -49.5835133292049,
              -20.8738518090762
            ],
            [
              -49.5841658068402,
              -20.872659949929
            ],
            [
              -49.5775366340653,
              -20.8736604156365
            ]
          ]
        ]
      },
      "properties": {
        "EXPEDIENTE DISPENSA": "375/2020-D",
        "ANO ENTRADA": 2020,
        "MUNICIPIO": "JACI",
        "PROPRIETARIO": "EDN MÓVEIS INDÚSTRIA E COMÉRCIO LTDA.",
        "LOCALIZAÇÃO/ENDEREÇO": "RUA MARIA APARECIDA CROCIARI LIMA, LADO PAR",
        "Nº DE UNIDADES HABITACIONAIS": 14,
        "ÁREA TOTAL DA GLEBA/M²": "69528.503200000006",
        "TIPOLOGIA DA CONSTRUÇÃO": null,
        "DATA DO CERTIFICADO": "2020-10-06T00:00:00",
        "SITUAÇÃO": "DISPENSADO"
      }
    },
    {
      "type": "Feature",
      "geometry": {
        "type": "Polygon",
        "coordinates": [
          [
            [
              -46.3956043192208,
              -23.4127367614533
            ],
            [
              -46.39474916572,
              -23.4152067971015
            ],
            [
              -46.3953730974587,
              -23.4152508393419
            ],
            [
              -46.3957034142616,
              -23.4153792958764
            ],
            [
              -46.395820860236,
              -23.4151590846744
            ],
            [
              -46.396356707494,
              -23.4132799490847
            ],
            [
              -46.3963456969339,
              -23.4129643130286
            ],
            [
              -46.3956043192208,
              -23.4127367614533
            ]
          ]
        ]
      },
      "properties": {
        "EXPEDIENTE DISPENSA": "427/2020-D",
        "ANO ENTRADA": 2020,
        "MUNICIPIO": "GUARULHOS",
        "PROPRIETARIO": "PASCHOAL CASCELLO E WANDA FIORI CASCELLO",
        "LOCALIZAÇÃO/ENDEREÇO": "RUA TURVOLÂNDIA, VILA BONSUCESSO",
        "Nº DE UNIDADES HABITACIONAIS": 3,
        "ÁREA TOTAL DA GLEBA/M²": "26934.51",
        "TIPOLOGIA DA CONSTRUÇÃO": null,
        "DATA DO CERTIFICADO": "2020-10-20T00:00:00",
        "SITUAÇÃO": "DISPENSADO"
      }
    },
    {
      "type": "Feature",
      "geometry": {
        "type": "Polygon",
        "coordinates": [
          [
            [
              -46.7266036047883,
              -23.4874754684932
            ],
            [
              -46.7266097982284,
              -23.4875374028937
            ],
            [
              -46.7253958839778,
              -23.4882899058603
            ],
            [
              -46.7252844020568,
              -23.4884292582615
            ],
            [
              -46.7249964070943,
              -23.4885035795422
            ],
            [
              -46.7244900933699,
              -23.4881675854192
            ],
            [
              -46.7242439041277,
              -23.4880375231781
            ],
            [
              -46.724397191769,
              -23.487913654377
            ],
            [
              -46.7245334474502,
              -23.4879353314172
            ],
            [
              -46.724620155611,
              -23.4878703002966
            ],
            [
              -46.7246449293712,
              -23.4877526249356
            ],
            [
              -46.7246139621709,
              -23.4876968839751
            ],
            [
              -46.7248864735333,
              -23.4872509562913
            ],
            [
              -46.7249174407336,
              -23.4870961202899
            ],
            [
              -46.7249855685742,
              -23.4868886400481
            ],
            [
              -46.7252209192962,
              -23.4862414255624
            ],
            [
              -46.7255274945789,
              -23.4864396156442
            ],
            [
              -46.7266036047883,
              -23.4874754684932
            ]
          ]
        ]
      },
      "properties": {
        "EXPEDIENTE DISPENSA": "462/2020-D",
        "ANO ENTRADA": 2020,
        "MUNICIPIO": "SAO PAULO",
        "PROPRIETARIO": "CÉLIO EDECIO BOTTURA JUNIOR E OUTROS",
        "LOCALIZAÇÃO/ENDEREÇO": "AV. RAIMUNDO PEREIRA DE MAGALHÃES, Nº 5.028, PIRITUBA",
        "Nº DE UNIDADES HABITACIONAIS": 4,
        "ÁREA TOTAL DA GLEBA/M²": "27913.73",
        "TIPOLOGIA DA CONSTRUÇÃO": null,
        "DATA DO CERTIFICADO": "2020-11-03T00:00:00",
        "SITUAÇÃO": "DISPENSADO"
      }
    },
    {
      "type": "Feature",
      "geometry": {
        "type": "Polygon",
        "coordinates": [
          [
            [
              -49.5766603737597,
              -21.4516449090313
            ],
            [
              -49.5764663690886,
              -21.4518036401258
            ],
            [
              -49.5781771375516,
              -21.4541610908257
            ],
            [
              -49.5783358686461,
              -21.4539200547193
            ],
            [
              -49.5766603737597,
              -21.4516449090313
            ]
          ]
        ]
      },
      "properties": {
        "EXPEDIENTE DISPENSA": "471/2020-D",
        "ANO ENTRADA": 2020,
        "MUNICIPIO": "SABINO",
        "PROPRIETARIO": "CARMEM SANCHES PARRA",
        "LOCALIZAÇÃO/ENDEREÇO": "ALAMEDA DAS ESMERALDAS, ESQUINA COM A AV. FRANCISCO SANCHES NAVAS, S/N.°",
        "Nº DE UNIDADES HABITACIONAIS": 28,
        "ÁREA TOTAL DA GLEBA/M²": "8013.37",
        "TIPOLOGIA DA CONSTRUÇÃO": null,
        "DATA DO CERTIFICADO": "2020-11-10T00:00:00",
        "SITUAÇÃO": "DISPENSADO"
      }
    },
    {
      "type": "Feature",
      "geometry": {
        "type": "Polygon",
        "coordinates": [
          [
            [
              -45.3605721732332,
              -22.9168901727209
            ],
            [
              -45.3592185497328,
              -22.9167005772469
            ],
            [
              -45.3587070828727,
              -22.9173222740338
            ],
            [
              -45.3592538233093,
              -22.9177499661495
            ],
            [
              -45.3586056713401,
              -22.9185303940309
            ],
            [
              -45.3589319519232,
              -22.9187464446873
            ],
            [
              -45.3591656393679,
              -22.9187817182639
            ],
            [
              -45.3605721732332,
              -22.9168901727209
            ]
          ]
        ]
      },
      "properties": {
        "EXPEDIENTE DISPENSA": "457/2020-D",
        "ANO ENTRADA": 2020,
        "MUNICIPIO": "PINDAMONHANGABA",
        "PROPRIETARIO": "GILDA MARIA GUIMARAES RIBEIRO",
        "LOCALIZAÇÃO/ENDEREÇO": "RUA 21 DE ABRIL, DISTRITO DE MOREIRA CÉSAR",
        "Nº DE UNIDADES HABITACIONAIS": 28,
        "ÁREA TOTAL DA GLEBA/M²": "21594.44",
        "TIPOLOGIA DA CONSTRUÇÃO": null,
        "DATA DO CERTIFICADO": "2020-12-01T00:00:00",
        "SITUAÇÃO": "DISPENSADO"
      }
    },
    {
      "type": "Feature",
      "geometry": {
        "type": "Polygon",
        "coordinates": [
          [
            [
              -46.8527172133796,
              -23.2165634561622
            ],
            [
              -46.8517218371411,
              -23.2178366118161
            ],
            [
              -46.8516391646961,
              -23.2179192842611
            ],
            [
              -46.851556492251,
              -23.2179457394435
            ],
            [
              -46.8514705129081,
              -23.2179755015238
            ],
            [
              -46.8513878404631,
              -23.2179788084216
            ],
            [
              -46.8506603229466,
              -23.2173438840435
            ],
            [
              -46.8504850573631,
              -23.217519149627
            ],
            [
              -46.8502039710499,
              -23.2172248357226
            ],
            [
              -46.8527172133796,
              -23.2165634561622
            ]
          ]
        ]
      },
      "properties": {
        "EXPEDIENTE DISPENSA": "517/2020-D",
        "ANO ENTRADA": 2020,
        "MUNICIPIO": "VARZEA PAULISTA",
        "PROPRIETARIO": "VVC3 EMPREENDIMENTOS BURITI SPE LTDA",
        "LOCALIZAÇÃO/ENDEREÇO": "RUA ISIDORO CANTIDIO DO NASCIMENTO E RUA 1° DE MAIO, ÁREA REMANESCENTE, DESMEMBRAMENTO DO REMANESCENTE \"B\", SÍTIO TANQUE VELHO",
        "Nº DE UNIDADES HABITACIONAIS": 2,
        "ÁREA TOTAL DA GLEBA/M²": "11744.34",
        "TIPOLOGIA DA CONSTRUÇÃO": null,
        "DATA DO CERTIFICADO": "2020-12-01T00:00:00",
        "SITUAÇÃO": "DISPENSADO"
      }
    },
    {
      "type": "Feature",
      "geometry": {
        "type": "Polygon",
        "coordinates": [
          [
            [
              -47.5861962398989,
              -20.9082008064797
            ],
            [
              -47.5856778836684,
              -20.9081363219726
            ],
            [
              -47.5853405800925,
              -20.9092573603276
            ],
            [
              -47.5855191525739,
              -20.9092796818877
            ],
            [
              -47.5857126060953,
              -20.9093144043147
            ],
            [
              -47.5858440552829,
              -20.9093243250081
            ],
            [
              -47.5858713371898,
              -20.9093342457015
            ],
            [
              -47.5861962398989,
              -20.9082008064797
            ]
          ]
        ]
      },
      "properties": {
        "EXPEDIENTE DISPENSA": "525/2020-D",
        "ANO ENTRADA": 2020,
        "MUNICIPIO": "BATATAIS",
        "PROPRIETARIO": "ANA CAMILA MORANDINI",
        "LOCALIZAÇÃO/ENDEREÇO": "AVENIDA JÚLIO CÉSAR SAQUETO DA COSTA, BAIRRO POTREIRO",
        "Nº DE UNIDADES HABITACIONAIS": 3,
        "ÁREA TOTAL DA GLEBA/M²": "6050",
        "TIPOLOGIA DA CONSTRUÇÃO": null,
        "DATA DO CERTIFICADO": "2020-12-01T00:00:00",
        "SITUAÇÃO": "DISPENSADO"
      }
    },
    {
      "type": "Feature",
      "geometry": {
        "type": "Polygon",
        "coordinates": [
          [
            [
              -49.7185798428622,
              -20.7698592170937
            ],
            [
              -49.7182524599798,
              -20.7692441341024
            ],
            [
              -49.7170123733039,
              -20.7695963187184
            ],
            [
              -49.7172851923726,
              -20.7704296569646
            ],
            [
              -49.7185798428622,
              -20.7698592170937
            ]
          ]
        ]
      },
      "properties": {
        "EXPEDIENTE DISPENSA": "499/2020-D",
        "ANO ENTRADA": 2020,
        "MUNICIPIO": "MONTE APRAZIVEL",
        "PROPRIETARIO": "ANTÔNIO DIAS DURAO SOBRINHO - EIRELI",
        "LOCALIZAÇÃO/ENDEREÇO": "RUA EDUARDO GOMES BARCA E RUA PEDRO DIAS DURAO",
        "Nº DE UNIDADES HABITACIONAIS": 19,
        "ÁREA TOTAL DA GLEBA/M²": "11755.791999999999",
        "TIPOLOGIA DA CONSTRUÇÃO": null,
        "DATA DO CERTIFICADO": "2020-12-08T00:00:00",
        "SITUAÇÃO": "DISPENSADO"
      }
    },
    {
      "type": "Feature",
      "geometry": {
        "type": "Polygon",
        "coordinates": [
          [
            [
              -46.4281898935424,
              -23.5254814544428
            ],
            [
              -46.4267899131907,
              -23.5238570377792
            ],
            [
              -46.4256598842074,
              -23.5247861727211
            ],
            [
              -46.4235881644045,
              -23.5265146985364
            ],
            [
              -46.4235672379418,
              -23.5265481808767
            ],
            [
              -46.4236090908671,
              -23.5266025896796
            ],
            [
              -46.4236802408402,
              -23.5266486278974
            ],
            [
              -46.424797713946,
              -23.5272136423891
            ],
            [
              -46.4249902374024,
              -23.5272178276816
            ],
            [
              -46.4252204284916,
              -23.5271466777086
            ],
            [
              -46.4257310341804,
              -23.5269123013269
            ],
            [
              -46.426760616143,
              -23.5260082781402
            ],
            [
              -46.4270619572052,
              -23.5258827193642
            ],
            [
              -46.4278864598339,
              -23.5255562665468
            ],
            [
              -46.4281836156036,
              -23.5254851165738
            ],
            [
              -46.4281898935424,
              -23.5254814544428
            ]
          ]
        ]
      },
      "properties": {
        "EXPEDIENTE DISPENSA": "531/2020-D",
        "ANO ENTRADA": 2020,
        "MUNICIPIO": "SAO PAULO",
        "PROPRIETARIO": "SILVIA MARIA BARALE DE MORAES JOVINO ANDRADE E HOLA ADMINISTRAÇÃO DE BENS LTDA-ME",
        "LOCALIZAÇÃO/ENDEREÇO": "RUA SANTA ETELVINA, GUAIANAZES",
        "Nº DE UNIDADES HABITACIONAIS": 7,
        "ÁREA TOTAL DA GLEBA/M²": "74699.27",
        "TIPOLOGIA DA CONSTRUÇÃO": null,
        "DATA DO CERTIFICADO": "2020-12-15T00:00:00",
        "SITUAÇÃO": "DISPENSADO"
      }
    },
    {
      "type": "Feature",
      "geometry": {
        "type": "Polygon",
        "coordinates": [
          [
            [
              -46.4281395392416,
              -23.525560321049
            ],
            [
              -46.4281571959445,
              -23.5257898581862
            ],
            [
              -46.4281466019227,
              -23.5258616621112
            ],
            [
              -46.4271766603787,
              -23.5273589505142
            ],
            [
              -46.4265692698001,
              -23.5290351601729
            ],
            [
              -46.4231697659417,
              -23.5268598543799
            ],
            [
              -46.4233910632843,
              -23.5266197232209
            ],
            [
              -46.4247612234267,
              -23.5273071575191
            ],
            [
              -46.4248836432332,
              -23.527302449065
            ],
            [
              -46.4251426082086,
              -23.5272412391617
            ],
            [
              -46.4254816169036,
              -23.5271235278093
            ],
            [
              -46.4258347509609,
              -23.5269351896454
            ],
            [
              -46.4269271123115,
              -23.5260076241882
            ],
            [
              -46.4281395392416,
              -23.525560321049
            ]
          ]
        ]
      },
      "properties": {
        "EXPEDIENTE DISPENSA": "559/2020-D",
        "ANO ENTRADA": 2020,
        "MUNICIPIO": "SAO PAULO",
        "PROPRIETARIO": "SILVIA MARIA BARALE DE MORAES JOVINO ANDRADE E HOLA ADMINISTRAÇÃO DE BENS LTDA-ME",
        "LOCALIZAÇÃO/ENDEREÇO": "RUA SANTA ETELVINA, GUAIANAZES",
        "Nº DE UNIDADES HABITACIONAIS": 7,
        "ÁREA TOTAL DA GLEBA/M²": "67006.5",
        "TIPOLOGIA DA CONSTRUÇÃO": null,
        "DATA DO CERTIFICADO": "2020-12-15T00:00:00",
        "SITUAÇÃO": "DISPENSADO"
      }
    },
    {
      "type": "Feature",
      "geometry": {
        "type": "Polygon",
        "coordinates": [
          [
            [
              -47.2021870277014,
              -22.4939250800538
            ],
            [
              -47.2020457740785,
              -22.4954011804134
            ],
            [
              -47.2000611606764,
              -22.4951469238921
            ],
            [
              -47.2021870277014,
              -22.4939250800538
            ]
          ]
        ]
      },
      "properties": {
        "EXPEDIENTE DISPENSA": "571/2020-D",
        "ANO ENTRADA": 2020,
        "MUNICIPIO": "ENGENHEIRO COELHO",
        "PROPRIETARIO": "FAVERO EMPREENDIMENTOS IMOBILIÁRIOS LTDA.",
        "LOCALIZAÇÃO/ENDEREÇO": "GLEBA DE TERRA \"C\", FAZENDA SANTA CRUZ",
        "Nº DE UNIDADES HABITACIONAIS": 7,
        "ÁREA TOTAL DA GLEBA/M²": "19013.86",
        "TIPOLOGIA DA CONSTRUÇÃO": null,
        "DATA DO CERTIFICADO": "2021-01-12T00:00:00",
        "SITUAÇÃO": "DISPENSADO"
      }
    },
    {
      "type": "Feature",
      "geometry": {
        "type": "Polygon",
        "coordinates": [
          [
            [
              -49.7167990311707,
              -20.7758157711919
            ],
            [
              -49.7170991951194,
              -20.7757937003133
            ],
            [
              -49.7170771242408,
              -20.7763101588721
            ],
            [
              -49.7170418108351,
              -20.7764183061772
            ],
            [
              -49.7169888407265,
              -20.7764933471644
            ],
            [
              -49.7169248351786,
              -20.7765441101851
            ],
            [
              -49.7167902028193,
              -20.776623565348
            ],
            [
              -49.7166379137571,
              -20.7766919850716
            ],
            [
              -49.7165518373306,
              -20.7766721212809
            ],
            [
              -49.716545216067,
              -20.7764845188129
            ],
            [
              -49.7167990311707,
              -20.77634326519
            ],
            [
              -49.7169005572122,
              -20.7763609218929
            ],
            [
              -49.7169182139151,
              -20.7762174611821
            ],
            [
              -49.71684096584,
              -20.7762152540942
            ],
            [
              -49.7168586225429,
              -20.7761115209649
            ],
            [
              -49.7167504752378,
              -20.7761071067892
            ],
            [
              -49.7167990311707,
              -20.7758157711919
            ]
          ]
        ]
      },
      "properties": {
        "EXPEDIENTE DISPENSA": "578/2020-D",
        "ANO ENTRADA": 2020,
        "MUNICIPIO": "MONTE APRAZIVEL",
        "PROPRIETARIO": "RAFAEL LIMA DO AMARAL E HERIDA CARLA SCREMIN DO AMARAL",
        "LOCALIZAÇÃO/ENDEREÇO": "AVENIDA BRASÍLIA, RUA DOM PEDRO I E RUA JOSÉ DE ANDRADE JUNQUEIRA",
        "Nº DE UNIDADES HABITACIONAIS": 18,
        "ÁREA TOTAL DA GLEBA/M²": "2862.17",
        "TIPOLOGIA DA CONSTRUÇÃO": null,
        "DATA DO CERTIFICADO": "2021-01-12T00:00:00",
        "SITUAÇÃO": "DISPENSADO"
      }
    },
    {
      "type": "Feature",
      "geometry": {
        "type": "Polygon",
        "coordinates": [
          [
            [
              -49.530414323954,
              -21.4057150593911
            ],
            [
              -49.5299375929766,
              -21.4056182234113
            ],
            [
              -49.5293267814118,
              -21.4058714867431
            ],
            [
              -49.5290735180801,
              -21.4059385270368
            ],
            [
              -49.5287457655332,
              -21.4059757716444
            ],
            [
              -49.5285446446521,
              -21.4059757716444
            ],
            [
              -49.5283584216141,
              -21.4059161802722
            ],
            [
              -49.5282168921052,
              -21.4058491399785
            ],
            [
              -49.5279785266165,
              -21.4058118953709
            ],
            [
              -49.5279040374013,
              -21.4057746507633
            ],
            [
              -49.5278220992645,
              -21.4057746507633
            ],
            [
              -49.5276582229911,
              -21.4057895486063
            ],
            [
              -49.5274794488746,
              -21.4057820996848
            ],
            [
              -49.5273081236796,
              -21.4057448550772
            ],
            [
              -49.5271219006415,
              -21.4057001615481
            ],
            [
              -49.5269729222111,
              -21.4056256723329
            ],
            [
              -49.5268611883883,
              -21.4055809788037
            ],
            [
              -49.5266675164287,
              -21.4055362852746
            ],
            [
              -49.526585578292,
              -21.4055213874316
            ],
            [
              -49.5261684386868,
              -21.4068100508548
            ],
            [
              -49.5278295481861,
              -21.4075772897714
            ],
            [
              -49.530414323954,
              -21.4057150593911
            ]
          ]
        ]
      },
      "properties": {
        "EXPEDIENTE DISPENSA": "604/2020-D",
        "ANO ENTRADA": 2020,
        "MUNICIPIO": "SALES",
        "PROPRIETARIO": "RAMILO JORGE NASSIF E OUTRA",
        "LOCALIZAÇÃO/ENDEREÇO": "AV. MIGUEL TARSITANO NETO, BAIRRO TORRES",
        "Nº DE UNIDADES HABITACIONAIS": 10,
        "ÁREA TOTAL DA GLEBA/M²": "49944.35",
        "TIPOLOGIA DA CONSTRUÇÃO": null,
        "DATA DO CERTIFICADO": "2021-01-12T00:00:00",
        "SITUAÇÃO": "DISPENSADO"
      }
    },
    {
      "type": "Feature",
      "geometry": {
        "type": "Polygon",
        "coordinates": [
          [
            [
              -49.0417600326362,
              -20.9583875502116
            ],
            [
              -49.0415764029264,
              -20.958262776178
            ],
            [
              -49.0401473871079,
              -20.9589996492442
            ],
            [
              -49.0401685751513,
              -20.9590679218286
            ],
            [
              -49.0401921174218,
              -20.9591291317319
            ],
            [
              -49.0402133054652,
              -20.9591503197754
            ],
            [
              -49.0402368477357,
              -20.9591526740024
            ],
            [
              -49.0417600326362,
              -20.9583875502116
            ]
          ]
        ]
      },
      "properties": {
        "EXPEDIENTE DISPENSA": "583/2020-D",
        "ANO ENTRADA": 2020,
        "MUNICIPIO": "TABAPUA",
        "PROPRIETARIO": "FAMA BADY EMPREENDIMENTOS E INCORPORADORA DE IMOVÉIS LTDA.",
        "LOCALIZAÇÃO/ENDEREÇO": "RUA SEBASTIÃO MARTINS GALEGO, BAIRRO RESIDENCIAL ARTHUR ULIAN",
        "Nº DE UNIDADES HABITACIONAIS": 19,
        "ÁREA TOTAL DA GLEBA/M²": "3470",
        "TIPOLOGIA DA CONSTRUÇÃO": null,
        "DATA DO CERTIFICADO": "2021-01-19T00:00:00",
        "SITUAÇÃO": "DISPENSADO"
      }
    },
    {
      "type": "Feature",
      "geometry": {
        "type": "Polygon",
        "coordinates": [
          [
            [
              -49.4952004946707,
              -20.8230042660018
            ],
            [
              -49.4951846036381,
              -20.82328633183
            ],
            [
              -49.4943046377091,
              -20.8233061956208
            ],
            [
              -49.4943403925324,
              -20.8230261161716
            ],
            [
              -49.4952004946707,
              -20.8230042660018
            ]
          ]
        ]
      },
      "properties": {
        "EXPEDIENTE DISPENSA": "24/2021-D",
        "ANO ENTRADA": 2021,
        "MUNICIPIO": "MIRASSOL",
        "PROPRIETARIO": "POLAR MIRASSOL NEGÓCIOS E PARTICIPAÇÕES EIRELI",
        "LOCALIZAÇÃO/ENDEREÇO": "RUA ANTONIO POSSEBON, BAIRRO NOSSA SENHORA APARECIDA",
        "Nº DE UNIDADES HABITACIONAIS": 2,
        "ÁREA TOTAL DA GLEBA/M²": "4328.08",
        "TIPOLOGIA DA CONSTRUÇÃO": null,
        "DATA DO CERTIFICADO": "2021-02-02T00:00:00",
        "SITUAÇÃO": "DISPENSADO"
      }
    },
    {
      "type": "Feature",
      "geometry": {
        "type": "Polygon",
        "coordinates": [
          [
            [
              -50.7353839087997,
              -21.932074669516
            ],
            [
              -50.7297290554286,
              -21.9339533427009
            ],
            [
              -50.7298373498729,
              -21.934391228932
            ],
            [
              -50.7355534131472,
              -21.9325502233799
            ],
            [
              -50.7353839087997,
              -21.932074669516
            ]
          ]
        ]
      },
      "properties": {
        "EXPEDIENTE DISPENSA": "529/2020-D",
        "ANO ENTRADA": 2020,
        "MUNICIPIO": "BASTOS",
        "PROPRIETARIO": "CONSTAC CONSTRUÇÕES E ESTAQUEAMENTO LTDA",
        "LOCALIZAÇÃO/ENDEREÇO": "AV. GASPAR RICARDO E AV. ENEMÉGIO JOAQUIM DA SILVA",
        "Nº DE UNIDADES HABITACIONAIS": 59,
        "ÁREA TOTAL DA GLEBA/M²": "31882.9",
        "TIPOLOGIA DA CONSTRUÇÃO": null,
        "DATA DO CERTIFICADO": "2021-02-09T00:00:00",
        "SITUAÇÃO": "DISPENSADO"
      }
    },
    {
      "type": "Feature",
      "geometry": {
        "type": "Polygon",
        "coordinates": [
          [
            [
              -47.5884933212384,
              -20.4562780052619
            ],
            [
              -47.5882108139925,
              -20.4564227902254
            ],
            [
              -47.588041309645,
              -20.4571961538109
            ],
            [
              -47.5882425960577,
              -20.4575775385928
            ],
            [
              -47.5884933212384,
              -20.4562780052619
            ]
          ]
        ]
      },
      "properties": {
        "EXPEDIENTE DISPENSA": "586/2020-D",
        "ANO ENTRADA": 2020,
        "MUNICIPIO": "RIBEIRAO CORRENTE",
        "PROPRIETARIO": "ALTAIR GIMENES BORGES E OUTROS",
        "LOCALIZAÇÃO/ENDEREÇO": "RUA SAO PAULO, GLEBA \"A\"",
        "Nº DE UNIDADES HABITACIONAIS": 10,
        "ÁREA TOTAL DA GLEBA/M²": "2615",
        "TIPOLOGIA DA CONSTRUÇÃO": null,
        "DATA DO CERTIFICADO": "2021-02-09T00:00:00",
        "SITUAÇÃO": "DISPENSADO"
      }
    },
    {
      "type": "Feature",
      "geometry": {
        "type": "Polygon",
        "coordinates": [
          [
            [
              -47.588120176251,
              -20.4554057641403
            ],
            [
              -47.5879930479904,
              -20.4551915294789
            ],
            [
              -47.5884874356706,
              -20.4549419814117
            ],
            [
              -47.5883532447289,
              -20.4547866024265
            ],
            [
              -47.5885627709362,
              -20.4546594741659
            ],
            [
              -47.5888947169501,
              -20.4549984828609
            ],
            [
              -47.5888758831337,
              -20.4550337962666
            ],
            [
              -47.588120176251,
              -20.4554057641403
            ]
          ]
        ]
      },
      "properties": {
        "EXPEDIENTE DISPENSA": "588/2020-D",
        "ANO ENTRADA": 2020,
        "MUNICIPIO": "RIBEIRAO CORRENTE",
        "PROPRIETARIO": "ALTAIR GIMENES BORGES E OUTROS",
        "LOCALIZAÇÃO/ENDEREÇO": "PROLONGAMENTO DA RUA JOAO ELEUTÉRIO DA SILVA, GLEBA C",
        "Nº DE UNIDADES HABITACIONAIS": 10,
        "ÁREA TOTAL DA GLEBA/M²": "2590.84",
        "TIPOLOGIA DA CONSTRUÇÃO": null,
        "DATA DO CERTIFICADO": "2021-02-16T00:00:00",
        "SITUAÇÃO": "DISPENSADO"
      }
    },
    {
      "type": "Feature",
      "geometry": {
        "type": "Polygon",
        "coordinates": [
          [
            [
              -47.5885156863952,
              -20.4546053269438
            ],
            [
              -47.5880095275798,
              -20.454087396993
            ],
            [
              -47.5877905844642,
              -20.4542380675242
            ],
            [
              -47.5883085144149,
              -20.4547348094315
            ],
            [
              -47.5885156863952,
              -20.4546053269438
            ]
          ]
        ]
      },
      "properties": {
        "EXPEDIENTE DISPENSA": "591/2020-D",
        "ANO ENTRADA": 2020,
        "MUNICIPIO": "RIBEIRAO CORRENTE",
        "PROPRIETARIO": "ALTAIR GIMENES BORGES E OUTROS",
        "LOCALIZAÇÃO/ENDEREÇO": "RUA FLORENCIO DE ABREU, GLEBA \"D\"",
        "Nº DE UNIDADES HABITACIONAIS": 7,
        "ÁREA TOTAL DA GLEBA/M²": "1809.48",
        "TIPOLOGIA DA CONSTRUÇÃO": null,
        "DATA DO CERTIFICADO": "2021-02-16T00:00:00",
        "SITUAÇÃO": "DISPENSADO"
      }
    },
    {
      "type": "Feature",
      "geometry": {
        "type": "Polygon",
        "coordinates": [
          [
            [
              -47.5880754459371,
              -20.4555564346714
            ],
            [
              -47.5878117725077,
              -20.455678854478
            ],
            [
              -47.5881837403814,
              -20.4563639345491
            ],
            [
              -47.5884897898977,
              -20.4562156182451
            ],
            [
              -47.5880754459371,
              -20.4555564346714
            ]
          ]
        ]
      },
      "properties": {
        "EXPEDIENTE DISPENSA": "587/2020-D",
        "ANO ENTRADA": 2020,
        "MUNICIPIO": "RIBEIRAO CORRENTE",
        "PROPRIETARIO": "ALTAIR GIMENES BORGES E OUTROS",
        "LOCALIZAÇÃO/ENDEREÇO": "PROLONGAMENTO DA RUA JOAQUIM LOURENÇO, GLEBA B",
        "Nº DE UNIDADES HABITACIONAIS": 8,
        "ÁREA TOTAL DA GLEBA/M²": "1950.86",
        "TIPOLOGIA DA CONSTRUÇÃO": null,
        "DATA DO CERTIFICADO": "2021-02-16T00:00:00",
        "SITUAÇÃO": "DISPENSADO"
      }
    },
    {
      "type": "Feature",
      "geometry": {
        "type": "Polygon",
        "coordinates": [
          [
            [
              -47.1648442782546,
              -21.281558182756
            ],
            [
              -47.1647948394866,
              -21.2817724174175
            ],
            [
              -47.1643663701637,
              -21.2817064990601
            ],
            [
              -47.1642980975793,
              -21.2812850924184
            ],
            [
              -47.1643569532556,
              -21.2812121113799
            ],
            [
              -47.16442522584,
              -21.2812144656069
            ],
            [
              -47.1663698173822,
              -21.2815369947126
            ],
            [
              -47.1663392124306,
              -21.2817771258716
            ],
            [
              -47.1648442782546,
              -21.281558182756
            ]
          ]
        ]
      },
      "properties": {
        "EXPEDIENTE DISPENSA": "39/2021-D",
        "ANO ENTRADA": 2021,
        "MUNICIPIO": "CASSIA DOS COQUEIROS",
        "PROPRIETARIO": "CRUZEIRO EMPREENDIMENTO IMOBILIÁRIO SPE LTDA",
        "LOCALIZAÇÃO/ENDEREÇO": "RUA ABÍLIO ALVES DA SILVEIRA X RUA OLGA BORRI DE SOUZA X RUA ABEL DOS REIS, DOM ROMEU ALBERTI",
        "Nº DE UNIDADES HABITACIONAIS": 35,
        "ÁREA TOTAL DA GLEBA/M²": "6654.01",
        "TIPOLOGIA DA CONSTRUÇÃO": null,
        "DATA DO CERTIFICADO": "2021-02-16T00:00:00",
        "SITUAÇÃO": "DISPENSADO"
      }
    },
    {
      "type": "Feature",
      "geometry": {
        "type": "Polygon",
        "coordinates": [
          [
            [
              -47.4025810239177,
              -21.0127518193825
            ],
            [
              -47.4007526867352,
              -21.0111937907772
            ],
            [
              -47.4011018353142,
              -21.0107845736255
            ],
            [
              -47.4028550867808,
              -21.0123050593728
            ],
            [
              -47.4025810239177,
              -21.0127518193825
            ]
          ]
        ]
      },
      "properties": {
        "EXPEDIENTE DISPENSA": "603/2020-D",
        "ANO ENTRADA": 2020,
        "MUNICIPIO": "ALTINOPOLIS",
        "PROPRIETARIO": "PAULO ROBERTO MIGUEL NOGUEIRA E OUTROS.",
        "LOCALIZAÇÃO/ENDEREÇO": "RUA FLORINDO CADURIM",
        "Nº DE UNIDADES HABITACIONAIS": 11,
        "ÁREA TOTAL DA GLEBA/M²": "12794",
        "TIPOLOGIA DA CONSTRUÇÃO": null,
        "DATA DO CERTIFICADO": "2021-02-23T00:00:00",
        "SITUAÇÃO": "DISPENSADO"
      }
    },
    {
      "type": "Feature",
      "geometry": {
        "type": "Polygon",
        "coordinates": [
          [
            [
              -50.4999597240083,
              -21.9261357649288
            ],
            [
              -50.5008607525992,
              -21.9260287677836
            ],
            [
              -50.5008663840279,
              -21.9256627249185
            ],
            [
              -50.5010972726044,
              -21.9256289363463
            ],
            [
              -50.5014070011825,
              -21.922216290558
            ],
            [
              -50.5010015383166,
              -21.9225316505648
            ],
            [
              -50.5004271325898,
              -21.9231792648646
            ],
            [
              -50.4999597240083,
              -21.9261357649288
            ]
          ]
        ]
      },
      "properties": {
        "EXPEDIENTE DISPENSA": "56/2021-D",
        "ANO ENTRADA": 2021,
        "MUNICIPIO": "TUPA",
        "PROPRIETARIO": "LOTEADORA ASSAI S/S LTDA",
        "LOCALIZAÇÃO/ENDEREÇO": "AV. LUIZ GONZAGA JUNQUEIRA DE ANDRADE",
        "Nº DE UNIDADES HABITACIONAIS": 10,
        "ÁREA TOTAL DA GLEBA/M²": "38074.9",
        "TIPOLOGIA DA CONSTRUÇÃO": null,
        "DATA DO CERTIFICADO": "2021-02-23T00:00:00",
        "SITUAÇÃO": "DISPENSADO"
      }
    },
    {
      "type": "Feature",
      "geometry": {
        "type": "Polygon",
        "coordinates": [
          [
            [
              -47.5726430122724,
              -22.3803132592388
            ],
            [
              -47.5724607238124,
              -22.3801704352907
            ],
            [
              -47.5724306556128,
              -22.3801572804534
            ],
            [
              -47.5723987081507,
              -22.3801572804534
            ],
            [
              -47.5723648814262,
              -22.3801779523406
            ],
            [
              -47.5719871496688,
              -22.3805989071349
            ],
            [
              -47.572190110016,
              -22.3807624029702
            ],
            [
              -47.5726430122724,
              -22.3803132592388
            ]
          ]
        ]
      },
      "properties": {
        "EXPEDIENTE DISPENSA": "101/2021-D",
        "ANO ENTRADA": 2021,
        "MUNICIPIO": "RIO CLARO",
        "PROPRIETARIO": "SÔNIA MARIA SILVA BUENO BRESCANSIN E OUTROS",
        "LOCALIZAÇÃO/ENDEREÇO": "RUA M17-A, ESQUINA COM AV. M-27, QUADRA COMPLETADA PELA AV.M-25 E RUA 18, JARDIM CHERVESON",
        "Nº DE UNIDADES HABITACIONAIS": 14,
        "ÁREA TOTAL DA GLEBA/M²": "2055.23",
        "TIPOLOGIA DA CONSTRUÇÃO": null,
        "DATA DO CERTIFICADO": "2021-03-09T00:00:00",
        "SITUAÇÃO": "DISPENSADO"
      }
    },
    {
      "type": "Feature",
      "geometry": {
        "type": "Polygon",
        "coordinates": [
          [
            [
              -47.5725377735738,
              -22.3797175330344
            ],
            [
              -47.5723686399511,
              -22.3799580786311
            ],
            [
              -47.5720153386059,
              -22.3796855855723
            ],
            [
              -47.5719890289313,
              -22.3796667929476
            ],
            [
              -47.5719777533564,
              -22.379636724748
            ],
            [
              -47.5719702363065,
              -22.3795747090863
            ],
            [
              -47.5719758740939,
              -22.3795521579366
            ],
            [
              -47.5720923883674,
              -22.3793830243139
            ],
            [
              -47.5725377735738,
              -22.3797175330344
            ]
          ]
        ]
      },
      "properties": {
        "EXPEDIENTE DISPENSA": "102/2021-D",
        "ANO ENTRADA": 2021,
        "MUNICIPIO": "RIO CLARO",
        "PROPRIETARIO": "SÔNIA MARIA SILVA BUENO BRESCANSIN E OUTROS",
        "LOCALIZAÇÃO/ENDEREÇO": "RUA M-17, ESQUINA COM AV. M-27, JARDIM CHERVESON",
        "Nº DE UNIDADES HABITACIONAIS": 10,
        "ÁREA TOTAL DA GLEBA/M²": "1796.08",
        "TIPOLOGIA DA CONSTRUÇÃO": null,
        "DATA DO CERTIFICADO": "2021-03-09T00:00:00",
        "SITUAÇÃO": "DISPENSADO"
      }
    },
    {
      "type": "Feature",
      "geometry": {
        "type": "Polygon",
        "coordinates": [
          [
            [
              -47.2811455593288,
              -21.7172455926673
            ],
            [
              -47.2814785411485,
              -21.7173605506765
            ],
            [
              -47.2809433917954,
              -21.7187241905096
            ],
            [
              -47.2808323978555,
              -21.7186686935397
            ],
            [
              -47.2802457156017,
              -21.7201116147584
            ],
            [
              -47.2800475121376,
              -21.7200323333727
            ],
            [
              -47.2811455593288,
              -21.7172455926673
            ]
          ]
        ]
      },
      "properties": {
        "EXPEDIENTE DISPENSA": "14/2021-D",
        "ANO ENTRADA": 2021,
        "MUNICIPIO": "TAMBAU",
        "PROPRIETARIO": "MURILO JOSÉ BARBON",
        "LOCALIZAÇÃO/ENDEREÇO": "RUA JOSE NICOLELLA, GLEBA \"1B - 2\", FAZENDA SANTA LUIZA",
        "Nº DE UNIDADES HABITACIONAIS": 30,
        "ÁREA TOTAL DA GLEBA/M²": "9996.34",
        "TIPOLOGIA DA CONSTRUÇÃO": null,
        "DATA DO CERTIFICADO": "2021-03-16T00:00:00",
        "SITUAÇÃO": "DISPENSADO"
      }
    },
    {
      "type": "Feature",
      "geometry": {
        "type": "Polygon",
        "coordinates": [
          [
            [
              -49.6784757097454,
              -19.9557468593716
            ],
            [
              -49.677009484135,
              -19.9558346573123
            ],
            [
              -49.6769348558854,
              -19.9560936612375
            ],
            [
              -49.6780323301447,
              -19.9560497622671
            ],
            [
              -49.6779796513802,
              -19.9569672507479
            ],
            [
              -49.6778918534395,
              -19.9569628608509
            ],
            [
              -49.6778918534395,
              -19.9570726082768
            ],
            [
              -49.677597730338,
              -19.9570769981738
            ],
            [
              -49.6775011526032,
              -19.9586222419309
            ],
            [
              -49.6781991462321,
              -19.9587188196657
            ],
            [
              -49.6784976592306,
              -19.9560453723701
            ],
            [
              -49.6784757097454,
              -19.9557468593716
            ]
          ]
        ]
      },
      "properties": {
        "EXPEDIENTE DISPENSA": "149/2021-D",
        "ANO ENTRADA": 2021,
        "MUNICIPIO": "RIOLANDIA",
        "PROPRIETARIO": "LOTEAMENTO MARTINS & BUENO RIOLÂNDIA LTDA",
        "LOCALIZAÇÃO/ENDEREÇO": "ÁREA 1 - AVENIDA 11 (ANTIGA RODOVIA VICINAL PREFEITO PERÁCIO RODRIGUES D' ASSUNÇÃO)",
        "Nº DE UNIDADES HABITACIONAIS": 26,
        "ÁREA TOTAL DA GLEBA/M²": "18212.98",
        "TIPOLOGIA DA CONSTRUÇÃO": null,
        "DATA DO CERTIFICADO": "2021-04-27T00:00:00",
        "SITUAÇÃO": "DISPENSADO"
      }
    },
    {
      "type": "Feature",
      "geometry": {
        "type": "Polygon",
        "coordinates": [
          [
            [
              -49.6230796199287,
              -20.849999980856
            ],
            [
              -49.6217681955276,
              -20.8513008576078
            ],
            [
              -49.6219158626184,
              -20.8514590723479
            ],
            [
              -49.6232308029026,
              -20.8501265526481
            ],
            [
              -49.6230796199287,
              -20.849999980856
            ]
          ]
        ]
      },
      "properties": {
        "EXPEDIENTE DISPENSA": "174/2021-D",
        "ANO ENTRADA": 2021,
        "MUNICIPIO": "NEVES PAULISTA",
        "PROPRIETARIO": "MATHILDE SAES MANO CERANTOLA",
        "LOCALIZAÇÃO/ENDEREÇO": "RUA DAVID DE MELO, S/N.°",
        "Nº DE UNIDADES HABITACIONAIS": 20,
        "ÁREA TOTAL DA GLEBA/M²": "3944",
        "TIPOLOGIA DA CONSTRUÇÃO": null,
        "DATA DO CERTIFICADO": "2021-05-04T00:00:00",
        "SITUAÇÃO": "DISPENSADO"
      }
    },
    {
      "type": "Feature",
      "geometry": {
        "type": "Polygon",
        "coordinates": [
          [
            [
              -48.5498527838415,
              -22.7326077207081
            ],
            [
              -48.5487909871415,
              -22.7327764830975
            ],
            [
              -48.5487241853623,
              -22.7325901412925
            ],
            [
              -48.5498281726597,
              -22.7324354424356
            ],
            [
              -48.5498527838415,
              -22.7326077207081
            ]
          ]
        ]
      },
      "properties": {
        "EXPEDIENTE DISPENSA": "516/2020-D",
        "ANO ENTRADA": 2020,
        "MUNICIPIO": "SAO MANUEL",
        "PROPRIETARIO": "CONSTRUTORA J. SOGAME LTDA",
        "LOCALIZAÇÃO/ENDEREÇO": "RUA ADAMO MAGORPO, S/N°, CHÁCARA BOA VISTA",
        "Nº DE UNIDADES HABITACIONAIS": 15,
        "ÁREA TOTAL DA GLEBA/M²": "32167.35",
        "TIPOLOGIA DA CONSTRUÇÃO": null,
        "DATA DO CERTIFICADO": "2021-05-11T00:00:00",
        "SITUAÇÃO": "DISPENSADO"
      }
    },
    {
      "type": "Feature",
      "geometry": {
        "type": "Polygon",
        "coordinates": [
          [
            [
              -45.3127739279959,
              -22.9038883614056
            ],
            [
              -45.3126236239929,
              -22.9038198016849
            ],
            [
              -45.3126025286942,
              -22.9037512419641
            ],
            [
              -45.3126948206259,
              -22.9035561104514
            ],
            [
              -45.3122729146524,
              -22.903355705114
            ],
            [
              -45.3119327529612,
              -22.90349809838
            ],
            [
              -45.312294009951,
              -22.9042970828174
            ],
            [
              -45.3126341716422,
              -22.904191606324
            ],
            [
              -45.3127739279959,
              -22.9038883614056
            ]
          ]
        ]
      },
      "properties": {
        "EXPEDIENTE DISPENSA": "72/2021-D",
        "ANO ENTRADA": 2021,
        "MUNICIPIO": "ROSEIRA",
        "PROPRIETARIO": "JOSÉ JASÃO LARA JÚNIOR",
        "LOCALIZAÇÃO/ENDEREÇO": "AV. JOÃO CALTABIANO, N° 838",
        "Nº DE UNIDADES HABITACIONAIS": 16,
        "ÁREA TOTAL DA GLEBA/M²": "4856.5181000000002",
        "TIPOLOGIA DA CONSTRUÇÃO": null,
        "DATA DO CERTIFICADO": "2021-05-11T00:00:00",
        "SITUAÇÃO": "DISPENSADO"
      }
    },
    {
      "type": "Feature",
      "geometry": {
        "type": "Polygon",
        "coordinates": [
          [
            [
              -47.7507322982493,
              -20.0310609977731
            ],
            [
              -47.7510526830979,
              -20.0296726634289
            ],
            [
              -47.7516033445566,
              -20.029789470405
            ],
            [
              -47.7513563812357,
              -20.0311477686696
            ],
            [
              -47.751189514127,
              -20.0311377566431
            ],
            [
              -47.7507322982493,
              -20.0310609977731
            ]
          ]
        ]
      },
      "properties": {
        "EXPEDIENTE DISPENSA": "189/2021-D",
        "ANO ENTRADA": 2021,
        "MUNICIPIO": "IGARAPAVA",
        "PROPRIETARIO": "TERRA FIRME ADMINISTRADORA DE BENS PROPRIOS LTDA",
        "LOCALIZAÇÃO/ENDEREÇO": "AV. BENJAMIN GOBBI, S/N°, JARDIM PRIMAVERA",
        "Nº DE UNIDADES HABITACIONAIS": 21,
        "ÁREA TOTAL DA GLEBA/M²": "15470",
        "TIPOLOGIA DA CONSTRUÇÃO": null,
        "DATA DO CERTIFICADO": "2021-05-18T00:00:00",
        "SITUAÇÃO": "DISPENSADO"
      }
    },
    {
      "type": "Feature",
      "geometry": {
        "type": "Polygon",
        "coordinates": [
          [
            [
              -50.3927551974574,
              -20.2882926348364
            ],
            [
              -50.3927719030101,
              -20.2886267458899
            ],
            [
              -50.3915089632279,
              -20.2889207636169
            ],
            [
              -50.3904264434147,
              -20.2893617902075
            ],
            [
              -50.3898751601764,
              -20.28950211685
            ],
            [
              -50.3899987812662,
              -20.2890176558225
            ],
            [
              -50.3904899245148,
              -20.2889809036066
            ],
            [
              -50.3909109044422,
              -20.2888405769641
            ],
            [
              -50.3913352254801,
              -20.2886868858795
            ],
            [
              -50.3916559720915,
              -20.2885699470108
            ],
            [
              -50.3919834009239,
              -20.2884697136947
            ],
            [
              -50.3927551974574,
              -20.2882926348364
            ]
          ]
        ]
      },
      "properties": {
        "EXPEDIENTE DISPENSA": "202/2021-D",
        "ANO ENTRADA": 2021,
        "MUNICIPIO": "ESTRELA D'OESTE",
        "PROPRIETARIO": "PEDRO CÂNDIDO MIRANDA E OUTRA",
        "LOCALIZAÇÃO/ENDEREÇO": "RUA MINAS GERAIS, LADO PAR",
        "Nº DE UNIDADES HABITACIONAIS": 26,
        "ÁREA TOTAL DA GLEBA/M²": "10477",
        "TIPOLOGIA DA CONSTRUÇÃO": null,
        "DATA DO CERTIFICADO": "2021-06-15T00:00:00",
        "SITUAÇÃO": "DISPENSADO"
      }
    },
    {
      "type": "Feature",
      "geometry": {
        "type": "Polygon",
        "coordinates": [
          [
            [
              -49.5743184314152,
              -20.7397785719553
            ],
            [
              -49.5741931397702,
              -20.7395847875443
            ],
            [
              -49.5748847496509,
              -20.7391420903984
            ],
            [
              -49.5749031257588,
              -20.7391721603932
            ],
            [
              -49.5747644696716,
              -20.7392556881566
            ],
            [
              -49.5748864202061,
              -20.7394026970201
            ],
            [
              -49.5743184314152,
              -20.7397785719553
            ]
          ]
        ]
      },
      "properties": {
        "EXPEDIENTE DISPENSA": "261/2021-D",
        "ANO ENTRADA": 2021,
        "MUNICIPIO": "BALSAMO",
        "PROPRIETARIO": "BAL-LAJE INDÚSTRIA E COMÉRCIO DE PRÉ-MOLDADOS DE CIMENTO LTDA",
        "LOCALIZAÇÃO/ENDEREÇO": "RUA JOÃO LOURENÇO MUNHOZ, BAIRRO JARDIM CANOVA, LOTE 15, QUADRA 10, SETOR 81",
        "Nº DE UNIDADES HABITACIONAIS": 3,
        "ÁREA TOTAL DA GLEBA/M²": "1880",
        "TIPOLOGIA DA CONSTRUÇÃO": null,
        "DATA DO CERTIFICADO": "2021-06-15T00:00:00",
        "SITUAÇÃO": "DISPENSADO"
      }
    },
    {
      "type": "Feature",
      "geometry": {
        "type": "Polygon",
        "coordinates": [
          [
            [
              -49.6925235810249,
              -21.0495947401788
            ],
            [
              -49.6924918404749,
              -21.049596410734
            ],
            [
              -49.6921761055293,
              -21.0499722856692
            ],
            [
              -49.6929662781708,
              -21.0503966067071
            ],
            [
              -49.6931416864739,
              -21.0501777639671
            ],
            [
              -49.6925235810249,
              -21.0495947401788
            ]
          ]
        ]
      },
      "properties": {
        "EXPEDIENTE DISPENSA": "264/2021-D",
        "ANO ENTRADA": 2021,
        "MUNICIPIO": "JOSE BONIFACIO",
        "PROPRIETARIO": "VALENTIM DE JESUS MACHADO JUNIOR E OUTROS",
        "LOCALIZAÇÃO/ENDEREÇO": "AV. JOSÉ ANTÔNIO PINTO, AV. ROMEU MAIA SOUTO, AV. ROMEU RODRIGUES FIGUEIREDO E AV. ANTÔNIO GONÇALVES DA SILVA",
        "Nº DE UNIDADES HABITACIONAIS": 8,
        "ÁREA TOTAL DA GLEBA/M²": "3700.8",
        "TIPOLOGIA DA CONSTRUÇÃO": null,
        "DATA DO CERTIFICADO": "2021-06-15T00:00:00",
        "SITUAÇÃO": "DISPENSADO"
      }
    },
    {
      "type": "Feature",
      "geometry": {
        "type": "Polygon",
        "coordinates": [
          [
            [
              -49.574629154695,
              -20.8867573654904
            ],
            [
              -49.5746358369161,
              -20.8866370855111
            ],
            [
              -49.5748329624377,
              -20.8866471088427
            ],
            [
              -49.5748363035482,
              -20.8864900766476
            ],
            [
              -49.5750868868383,
              -20.8864900766476
            ],
            [
              -49.5751069335015,
              -20.8861091900466
            ],
            [
              -49.5756014178606,
              -20.8861392600415
            ],
            [
              -49.5755546423132,
              -20.8884112152051
            ],
            [
              -49.5748463268798,
              -20.8880971508148
            ],
            [
              -49.5747060002373,
              -20.8879601652829
            ],
            [
              -49.574629154695,
              -20.8878098153088
            ],
            [
              -49.5745990847002,
              -20.8875759375714
            ],
            [
              -49.5746057669213,
              -20.8872084154126
            ],
            [
              -49.5747962102218,
              -20.8872251209653
            ],
            [
              -49.5748262802166,
              -20.8867573654904
            ],
            [
              -49.574629154695,
              -20.8867573654904
            ]
          ]
        ]
      },
      "properties": {
        "EXPEDIENTE DISPENSA": "168/2021-D",
        "ANO ENTRADA": 2021,
        "MUNICIPIO": "JACI",
        "PROPRIETARIO": "JESSICA MARIA RAMIRES DE SOUZA E DENISE MUNHOZ RAMIRES DE SOUZA",
        "LOCALIZAÇÃO/ENDEREÇO": "RUA DES. MANOEL CARLOS DE FIGUEIREDO FERRAZ (ANTIGA ESTRADA PARA JOSÉ BONIFÁCIO)",
        "Nº DE UNIDADES HABITACIONAIS": 16,
        "ÁREA TOTAL DA GLEBA/M²": "20300.11",
        "TIPOLOGIA DA CONSTRUÇÃO": null,
        "DATA DO CERTIFICADO": "2021-06-22T00:00:00",
        "SITUAÇÃO": "DISPENSADO"
      }
    },
    {
      "type": "Feature",
      "geometry": {
        "type": "Polygon",
        "coordinates": [
          [
            [
              -49.4653781813186,
              -20.6142730958271
            ],
            [
              -49.4656354468297,
              -20.6143198713746
            ],
            [
              -49.4655385546242,
              -20.6148410846181
            ],
            [
              -49.465906076783,
              -20.6148912012761
            ],
            [
              -49.4658693245672,
              -20.6152420178822
            ],
            [
              -49.4652478780077,
              -20.6151183967924
            ],
            [
              -49.4653781813186,
              -20.6142730958271
            ]
          ]
        ]
      },
      "properties": {
        "EXPEDIENTE DISPENSA": "260/2021-D",
        "ANO ENTRADA": 2021,
        "MUNICIPIO": "MIRASSOLANDIA",
        "PROPRIETARIO": "JOSÉ DE SAMPAIO E OUTROS",
        "LOCALIZAÇÃO/ENDEREÇO": "RUA ANTÔNIO BATISTA RODRIGUES X RUA MAJOR GERCINO, CENTRO",
        "Nº DE UNIDADES HABITACIONAIS": 13,
        "ÁREA TOTAL DA GLEBA/M²": "3834",
        "TIPOLOGIA DA CONSTRUÇÃO": null,
        "DATA DO CERTIFICADO": "2021-06-22T00:00:00",
        "SITUAÇÃO": "DISPENSADO"
      }
    },
    {
      "type": "Feature",
      "geometry": {
        "type": "Polygon",
        "coordinates": [
          [
            [
              -51.0629051251903,
              -21.6793105482197
            ],
            [
              -51.0609739633012,
              -21.6805601235597
            ],
            [
              -51.0615152232078,
              -21.6815023167305
            ],
            [
              -51.0635599828551,
              -21.6802594236116
            ],
            [
              -51.0629051251903,
              -21.6793105482197
            ]
          ]
        ]
      },
      "properties": {
        "EXPEDIENTE DISPENSA": "256/2021-D",
        "ANO ENTRADA": 2021,
        "MUNICIPIO": "ADAMANTINA",
        "PROPRIETARIO": "SIDNEI ALZIDIO PINTO E SONIA TERRAZ PINTO",
        "LOCALIZAÇÃO/ENDEREÇO": "AVENIDA HERMENEGILDO LOPES PEDROSO",
        "Nº DE UNIDADES HABITACIONAIS": 12,
        "ÁREA TOTAL DA GLEBA/M²": "30784",
        "TIPOLOGIA DA CONSTRUÇÃO": null,
        "DATA DO CERTIFICADO": "2021-06-29T00:00:00",
        "SITUAÇÃO": "DISPENSADO"
      }
    },
    {
      "type": "Feature",
      "geometry": {
        "type": "Polygon",
        "coordinates": [
          [
            [
              -45.8363993229727,
              -23.2548764886239
            ],
            [
              -45.8372158856044,
              -23.2545825260765
            ],
            [
              -45.8374281918887,
              -23.2543212260343
            ],
            [
              -45.8361053604253,
              -23.2505568723022
            ],
            [
              -45.8344967320409,
              -23.2508671661022
            ],
            [
              -45.8363993229727,
              -23.2548764886239
            ]
          ]
        ]
      },
      "properties": {
        "EXPEDIENTE DISPENSA": "301/2021-D",
        "ANO ENTRADA": 2021,
        "MUNICIPIO": "SAO JOSE DOS CAMPOS",
        "PROPRIETARIO": "MILLION TOP EMPREENDIMENTOS IMOBILIÁRIOS E PARTICIPAÇÕES LTDA",
        "LOCALIZAÇÃO/ENDEREÇO": "AV. SAO VICENTE DE PAULO, BAIRRO DA PERNAMBUCANA",
        "Nº DE UNIDADES HABITACIONAIS": 6,
        "ÁREA TOTAL DA GLEBA/M²": "66700.160000000003",
        "TIPOLOGIA DA CONSTRUÇÃO": null,
        "DATA DO CERTIFICADO": "2021-07-20T00:00:00",
        "SITUAÇÃO": "DISPENSADO"
      }
    },
    {
      "type": "Feature",
      "geometry": {
        "type": "Polygon",
        "coordinates": [
          [
            [
              -48.5622915696481,
              -22.4923641789237
            ],
            [
              -48.5607564319005,
              -22.4922784398474
            ],
            [
              -48.5607033553295,
              -22.4923029367263
            ],
            [
              -48.5606829412637,
              -22.4923560132974
            ],
            [
              -48.5606788584505,
              -22.4924009242421
            ],
            [
              -48.5607441834611,
              -22.4924948289448
            ],
            [
              -48.5607850115926,
              -22.4925724023948
            ],
            [
              -48.5608911647348,
              -22.4929316899528
            ],
            [
              -48.5609319928664,
              -22.492988849337
            ],
            [
              -48.5609769038111,
              -22.4930296774685
            ],
            [
              -48.5621527540007,
              -22.4928826961948
            ],
            [
              -48.5622262446376,
              -22.4928500336896
            ],
            [
              -48.5622589071429,
              -22.4927683774264
            ],
            [
              -48.5623079009008,
              -22.4924662492527
            ],
            [
              -48.5623038180876,
              -22.4923886758027
            ],
            [
              -48.5622915696481,
              -22.4923641789237
            ]
          ]
        ]
      },
      "properties": {
        "EXPEDIENTE DISPENSA": "215/2021-D",
        "ANO ENTRADA": 2021,
        "MUNICIPIO": "BARRA BONITA",
        "PROPRIETARIO": "SEMAM TERRAPLENAGEM E PAVIMENTAÇÃO LTDA",
        "LOCALIZAÇÃO/ENDEREÇO": "RUA ANTONIO BENEDITO DI MUZZIO, LOTE 14, QUADRA 141",
        "Nº DE UNIDADES HABITACIONAIS": 21,
        "ÁREA TOTAL DA GLEBA/M²": "10111.15",
        "TIPOLOGIA DA CONSTRUÇÃO": null,
        "DATA DO CERTIFICADO": "2021-07-27T00:00:00",
        "SITUAÇÃO": "DISPENSADO"
      }
    },
    {
      "type": "Feature",
      "geometry": {
        "type": "Polygon",
        "coordinates": [
          [
            [
              -47.2661315617057,
              -21.7134448293742
            ],
            [
              -47.2657990357121,
              -21.7134902825676
            ],
            [
              -47.2657440134254,
              -21.7135524816743
            ],
            [
              -47.2657464056988,
              -21.7136553494277
            ],
            [
              -47.2659019034655,
              -21.7145022141883
            ],
            [
              -47.2659210416522,
              -21.7145261369217
            ],
            [
              -47.2659928098523,
              -21.7145333137417
            ],
            [
              -47.2662750981058,
              -21.714485468275
            ],
            [
              -47.2663181590258,
              -21.7144687223616
            ],
            [
              -47.2663420817592,
              -21.7144471919016
            ],
            [
              -47.2663420817592,
              -21.7143873850682
            ],
            [
              -47.2661770148991,
              -21.7135333434876
            ],
            [
              -47.266148307619,
              -21.7134591830142
            ],
            [
              -47.2661315617057,
              -21.7134448293742
            ]
          ]
        ]
      },
      "properties": {
        "EXPEDIENTE DISPENSA": "374/2021-D",
        "ANO ENTRADA": 2021,
        "MUNICIPIO": "TAMBAU",
        "PROPRIETARIO": "PREFEITURA MUNICIPAL DE TAMBAÚ",
        "LOCALIZAÇÃO/ENDEREÇO": "RUA DR. WILSON MARTINS LARA, RUA LUIZ BERTONCINI, RUA PROJETADA E RUA LUIZ PIERUZZI, JARDIM BOA ESPERANÇA",
        "Nº DE UNIDADES HABITACIONAIS": 28,
        "ÁREA TOTAL DA GLEBA/M²": "4211.67",
        "TIPOLOGIA DA CONSTRUÇÃO": null,
        "DATA DO CERTIFICADO": "2021-08-03T00:00:00",
        "SITUAÇÃO": "DISPENSADO"
      }
    },
    {
      "type": "Feature",
      "geometry": {
        "type": "Polygon",
        "coordinates": [
          [
            [
              -47.2655275126886,
              -21.7121589824566
            ],
            [
              -47.2657679361587,
              -21.7121314713133
            ],
            [
              -47.2658121932154,
              -21.7121314713133
            ],
            [
              -47.2658313314021,
              -21.7121745322333
            ],
            [
              -47.2658456850421,
              -21.7122032395133
            ],
            [
              -47.2660083596289,
              -21.7130225931306
            ],
            [
              -47.265644734082,
              -21.713082399964
            ],
            [
              -47.2655131590486,
              -21.7123049111301
            ],
            [
              -47.2654940208619,
              -21.7121924742833
            ],
            [
              -47.2655011976819,
              -21.71216137473
            ],
            [
              -47.2655275126886,
              -21.7121589824566
            ]
          ]
        ]
      },
      "properties": {
        "EXPEDIENTE DISPENSA": "375/2021-D",
        "ANO ENTRADA": 2021,
        "MUNICIPIO": "TAMBAU",
        "PROPRIETARIO": "MUNICÍPIO DE TAMBAÚ",
        "LOCALIZAÇÃO/ENDEREÇO": "RUA DR. WILSON MARTINS LARA X RUA FRANCISCO DE OLIVEIRA X RUA SEM DENOMINAÇÃO (MAT. 12.833)",
        "Nº DE UNIDADES HABITACIONAIS": 28,
        "ÁREA TOTAL DA GLEBA/M²": "3917.43",
        "TIPOLOGIA DA CONSTRUÇÃO": null,
        "DATA DO CERTIFICADO": "2021-08-10T00:00:00",
        "SITUAÇÃO": "DISPENSADO"
      }
    },
    {
      "type": "Feature",
      "geometry": {
        "type": "Polygon",
        "coordinates": [
          [
            [
              -47.8187455059632,
              -20.4299226034036
            ],
            [
              -47.8176420698874,
              -20.4302482516113
            ],
            [
              -47.8178896701776,
              -20.4309883611743
            ],
            [
              -47.8194452459137,
              -20.4304635562115
            ],
            [
              -47.8190038714834,
              -20.4302321037663
            ],
            [
              -47.8188423930332,
              -20.4301029210062
            ],
            [
              -47.8187455059632,
              -20.4299226034036
            ]
          ]
        ]
      },
      "properties": {
        "EXPEDIENTE DISPENSA": "381/2021-D",
        "ANO ENTRADA": 2021,
        "MUNICIPIO": "GUARA",
        "PROPRIETARIO": "HILDA ALCÂNTARA DA ROCHA E OUTROS",
        "LOCALIZAÇÃO/ENDEREÇO": "RUA CAPITAO ANTÔNIO RIBEIRO, S/N°",
        "Nº DE UNIDADES HABITACIONAIS": 21,
        "ÁREA TOTAL DA GLEBA/M²": "12978.95",
        "TIPOLOGIA DA CONSTRUÇÃO": null,
        "DATA DO CERTIFICADO": "2021-08-10T00:00:00",
        "SITUAÇÃO": "DISPENSADO"
      }
    },
    {
      "type": "Feature",
      "geometry": {
        "type": "Polygon",
        "coordinates": [
          [
            [
              -47.2665450512003,
              -21.7129341537747
            ],
            [
              -47.2661548116126,
              -21.7129963902607
            ],
            [
              -47.2661396730079,
              -21.7129391999763
            ],
            [
              -47.2661430371422,
              -21.7129072406997
            ],
            [
              -47.2661531295454,
              -21.7128870558934
            ],
            [
              -47.2661867708892,
              -21.7128668710872
            ],
            [
              -47.2664744043784,
              -21.7128231373403
            ],
            [
              -47.2664979533191,
              -21.7128214552731
            ],
            [
              -47.2665215022597,
              -21.7128315476762
            ],
            [
              -47.26653327673,
              -21.7128450042137
            ],
            [
              -47.2665450512003,
              -21.7129341537747
            ]
          ]
        ]
      },
      "properties": {
        "EXPEDIENTE DISPENSA": "384/2021-D",
        "ANO ENTRADA": 2021,
        "MUNICIPIO": "TAMBAU",
        "PROPRIETARIO": "MUNICÍPIO DE TAMBAÚ",
        "LOCALIZAÇÃO/ENDEREÇO": "RUA SEM DENOMINAÇÃO, JARDIM BOA ESPERANÇA",
        "Nº DE UNIDADES HABITACIONAIS": 5,
        "ÁREA TOTAL DA GLEBA/M²": "621.54999999999995",
        "TIPOLOGIA DA CONSTRUÇÃO": null,
        "DATA DO CERTIFICADO": "2021-08-10T00:00:00",
        "SITUAÇÃO": "DISPENSADO"
      }
    },
    {
      "type": "Feature",
      "geometry": {
        "type": "Polygon",
        "coordinates": [
          [
            [
              -47.2664777685128,
              -21.712562416926
            ],
            [
              -47.2664912250503,
              -21.7126162430761
            ],
            [
              -47.26647945058,
              -21.7126650230245
            ],
            [
              -47.2664273064971,
              -21.7127037105699
            ],
            [
              -47.2663650700111,
              -21.7127154850402
            ],
            [
              -47.2661800426204,
              -21.7127524905183
            ],
            [
              -47.266122852336,
              -21.7127609008543
            ],
            [
              -47.2660925751266,
              -21.712740716048
            ],
            [
              -47.2660723903203,
              -21.7127003464355
            ],
            [
              -47.2660622979172,
              -21.7126280175464
            ],
            [
              -47.2664777685128,
              -21.712562416926
            ]
          ]
        ]
      },
      "properties": {
        "EXPEDIENTE DISPENSA": "385/2021-D",
        "ANO ENTRADA": 2021,
        "MUNICIPIO": "TAMBAU",
        "PROPRIETARIO": "MUNICÍPIO DE TAMBAÚ",
        "LOCALIZAÇÃO/ENDEREÇO": "RUA SEM DENOMINAÇÃO, JARDIM BOA ESPERANÇA",
        "Nº DE UNIDADES HABITACIONAIS": 5,
        "ÁREA TOTAL DA GLEBA/M²": "605.19000000000005",
        "TIPOLOGIA DA CONSTRUÇÃO": null,
        "DATA DO CERTIFICADO": "2021-08-10T00:00:00",
        "SITUAÇÃO": "DISPENSADO"
      }
    },
    {
      "type": "Feature",
      "geometry": {
        "type": "Polygon",
        "coordinates": [
          [
            [
              -46.4527306618603,
              -23.5727884325075
            ],
            [
              -46.4521768171424,
              -23.5721046038253
            ],
            [
              -46.4519253264287,
              -23.5719237565705
            ],
            [
              -46.4531064850617,
              -23.5702198363415
            ],
            [
              -46.4539485550919,
              -23.5708075899197
            ],
            [
              -46.4527306618603,
              -23.5727884325075
            ]
          ]
        ]
      },
      "properties": {
        "EXPEDIENTE DISPENSA": "414/2021-D",
        "ANO ENTRADA": 2021,
        "MUNICIPIO": "SAO PAULO",
        "PROPRIETARIO": "TENDA NEGÓCIOS IMOBILIÁRIOS S/A",
        "LOCALIZAÇÃO/ENDEREÇO": "AV. ADRIANO BERTOZZI, LOTES 138-A, 139 E 139-B, VILA CARMOSINA",
        "Nº DE UNIDADES HABITACIONAIS": 2,
        "ÁREA TOTAL DA GLEBA/M²": "48662.96",
        "TIPOLOGIA DA CONSTRUÇÃO": null,
        "DATA DO CERTIFICADO": "2021-08-24T00:00:00",
        "SITUAÇÃO": "DISPENSADO"
      }
    },
    {
      "type": "Feature",
      "geometry": {
        "type": "Polygon",
        "coordinates": [
          [
            [
              -50.9122666955864,
              -20.2020071799235
            ],
            [
              -50.9121594058332,
              -20.2022646753312
            ],
            [
              -50.9088834920348,
              -20.2017806793333
            ],
            [
              -50.9088119655327,
              -20.2017496845157
            ],
            [
              -50.9087785864983,
              -20.201692463314
            ],
            [
              -50.9087976602323,
              -20.2016257052454
            ],
            [
              -50.9088405761335,
              -20.2015613313934
            ],
            [
              -50.908900181552,
              -20.2015255681424
            ],
            [
              -50.9122666955864,
              -20.2020071799235
            ]
          ]
        ]
      },
      "properties": {
        "EXPEDIENTE DISPENSA": "420/2021-D",
        "ANO ENTRADA": 2021,
        "MUNICIPIO": "SANTA FE DO SUL",
        "PROPRIETARIO": "LOTEAMENTOS MV URUPES LTDA",
        "LOCALIZAÇÃO/ENDEREÇO": "ESTRADA MUNICIPAL SFS-040, CÓRREGO MARRUCO, \"GLEBA B\" - MONTE LÍBANO",
        "Nº DE UNIDADES HABITACIONAIS": 29,
        "ÁREA TOTAL DA GLEBA/M²": "9300.15",
        "TIPOLOGIA DA CONSTRUÇÃO": null,
        "DATA DO CERTIFICADO": "2021-08-24T00:00:00",
        "SITUAÇÃO": "DISPENSADO"
      }
    },
    {
      "type": "Feature",
      "geometry": {
        "type": "Polygon",
        "coordinates": [
          [
            [
              -50.2327791044412,
              -21.7945486768478
            ],
            [
              -50.2332133679255,
              -21.7940613367154
            ],
            [
              -50.2336862326084,
              -21.7940806373147
            ],
            [
              -50.2342073487896,
              -21.7941481894122
            ],
            [
              -50.2346464374238,
              -21.7942688181579
            ],
            [
              -50.2350179739604,
              -21.7944425235516
            ],
            [
              -50.2354136362461,
              -21.7946500049941
            ],
            [
              -50.2356307679883,
              -21.7947658085899
            ],
            [
              -50.2358334242809,
              -21.7948960876352
            ],
            [
              -50.2359251021276,
              -21.7949974157816
            ],
            [
              -50.234694688922,
              -21.7961940529384
            ],
            [
              -50.2327791044412,
              -21.7945486768478
            ]
          ]
        ]
      },
      "properties": {
        "EXPEDIENTE DISPENSA": "455/2021-D",
        "ANO ENTRADA": 2021,
        "MUNICIPIO": "QUEIROZ",
        "PROPRIETARIO": "EURICO BEZERRA DE CARVALHO E OUTRA",
        "LOCALIZAÇÃO/ENDEREÇO": "RUA CASTRO ALVES (LADO PAR), ESQUINA COM A RUA ROSELI SILVA SOUZA LÓPES (LADO ÍMPAR)",
        "Nº DE UNIDADES HABITACIONAIS": 34,
        "ÁREA TOTAL DA GLEBA/M²": "38381.082999999999",
        "TIPOLOGIA DA CONSTRUÇÃO": null,
        "DATA DO CERTIFICADO": "2021-09-14T00:00:00",
        "SITUAÇÃO": "DISPENSADO"
      }
    },
    {
      "type": "Feature",
      "geometry": {
        "type": "Polygon",
        "coordinates": [
          [
            [
              -47.3657866298806,
              -23.3944985935112
            ],
            [
              -47.3662898930315,
              -23.3939414093083
            ],
            [
              -47.3675899895048,
              -23.3944746285992
            ],
            [
              -47.3689829500118,
              -23.3943488128115
            ],
            [
              -47.3689380158019,
              -23.3945045847391
            ],
            [
              -47.3689619807139,
              -23.394567492633
            ],
            [
              -47.3690129061518,
              -23.3946513698248
            ],
            [
              -47.3690398666777,
              -23.3946933084207
            ],
            [
              -47.3690308798357,
              -23.3947652031566
            ],
            [
              -47.3690398666777,
              -23.3948011505245
            ],
            [
              -47.3690518491337,
              -23.3948760408744
            ],
            [
              -47.3690638315897,
              -23.3949359531542
            ],
            [
              -47.3691087657996,
              -23.395049786486
            ],
            [
              -47.3691447131675,
              -23.3951726066597
            ],
            [
              -47.3691057701856,
              -23.3953343698154
            ],
            [
              -47.3690608359757,
              -23.3954871461291
            ],
            [
              -47.3690338754497,
              -23.3955949882328
            ],
            [
              -47.3689949324678,
              -23.3957297908625
            ],
            [
              -47.3689949324678,
              -23.3957926987564
            ],
            [
              -47.3690188973797,
              -23.3958645934923
            ],
            [
              -47.3689979280818,
              -23.3958855627902
            ],
            [
              -47.3657866298806,
              -23.3944985935112
            ]
          ]
        ]
      },
      "properties": {
        "EXPEDIENTE DISPENSA": "482/2021-D",
        "ANO ENTRADA": 2021,
        "MUNICIPIO": "SOROCABA",
        "PROPRIETARIO": "TRÊS MARIAS INVESTIMENTOS E PARTICIPAÇÕES SOROCABA LTDA",
        "LOCALIZAÇÃO/ENDEREÇO": "RUA DR. FAUSTO FERREIRA TELLES FILHO, N.° 445, CHÁCARA TRÊS MARIAS, BAIRRO CAJURU",
        "Nº DE UNIDADES HABITACIONAIS": 43,
        "ÁREA TOTAL DA GLEBA/M²": "33552.730000000003",
        "TIPOLOGIA DA CONSTRUÇÃO": null,
        "DATA DO CERTIFICADO": "2021-10-05T00:00:00",
        "SITUAÇÃO": "DISPENSADO"
      }
    },
    {
      "type": "Feature",
      "geometry": {
        "type": "Polygon",
        "coordinates": [
          [
            [
              -46.82562244871,
              -23.2106050352495
            ],
            [
              -46.8255101131853,
              -23.2107623049841
            ],
            [
              -46.8253603324856,
              -23.2107885166066
            ],
            [
              -46.8250720046387,
              -23.2109944650686
            ],
            [
              -46.8248361000367,
              -23.2111854354607
            ],
            [
              -46.8243642908327,
              -23.2116048214198
            ],
            [
              -46.8239224377686,
              -23.2121290538687
            ],
            [
              -46.8233682491798,
              -23.2125709069328
            ],
            [
              -46.8229114180458,
              -23.2128854464021
            ],
            [
              -46.8212488522793,
              -23.2137541744603
            ],
            [
              -46.8197810014224,
              -23.2146977928683
            ],
            [
              -46.8184179970553,
              -23.2156414112763
            ],
            [
              -46.8182382602157,
              -23.2159110165357
            ],
            [
              -46.8168902339185,
              -23.2152819375971
            ],
            [
              -46.8172946418077,
              -23.2146378805884
            ],
            [
              -46.8169501461984,
              -23.2144880998887
            ],
            [
              -46.8173845102275,
              -23.2137092402504
            ],
            [
              -46.8173845102275,
              -23.2133497665711
            ],
            [
              -46.8172946418077,
              -23.2115823543149
            ],
            [
              -46.8170549926882,
              -23.2111629683558
            ],
            [
              -46.8168452997086,
              -23.2109382973062
            ],
            [
              -46.8160963962102,
              -23.2107735385366
            ],
            [
              -46.8146585014932,
              -23.2105526120046
            ],
            [
              -46.8150329532424,
              -23.2087327765034
            ],
            [
              -46.8155047624465,
              -23.2085380615938
            ],
            [
              -46.8155908863488,
              -23.2084369596215
            ],
            [
              -46.8156395650762,
              -23.207253692094
            ],
            [
              -46.816429658267,
              -23.2071900352967
            ],
            [
              -46.8170287810657,
              -23.2072424585416
            ],
            [
              -46.817822618774,
              -23.2074072173112
            ],
            [
              -46.8188635946368,
              -23.2078266032703
            ],
            [
              -46.8193428928758,
              -23.2080962085298
            ],
            [
              -46.8200468621643,
              -23.2085081054539
            ],
            [
              -46.8206085397881,
              -23.2088376229932
            ],
            [
              -46.821170217412,
              -23.2091821186025
            ],
            [
              -46.8219415880153,
              -23.2095940155266
            ],
            [
              -46.8231098774729,
              -23.2099534892058
            ],
            [
              -46.8233944608022,
              -23.2101407150804
            ],
            [
              -46.8238587809713,
              -23.2101332260455
            ],
            [
              -46.82562244871,
              -23.2106050352495
            ]
          ]
        ]
      },
      "properties": {
        "EXPEDIENTE DISPENSA": "303/2021-D",
        "ANO ENTRADA": 2021,
        "MUNICIPIO": "VARZEA PAULISTA",
        "PROPRIETARIO": "ELEKEIROZ S/A",
        "LOCALIZAÇÃO/ENDEREÇO": "AV. DUQUE DE CAXIAS X RUA ALFREDO BENEDITO X RUA JOSÉ MAFASSOLI X RUA JOAO FRANCISCO LEAL, SÍTIO DO MOINHO, BAIRRO DE IVOTURUCAIA",
        "Nº DE UNIDADES HABITACIONAIS": 10,
        "ÁREA TOTAL DA GLEBA/M²": "432552.6",
        "TIPOLOGIA DA CONSTRUÇÃO": null,
        "DATA DO CERTIFICADO": "2021-09-21T00:00:00",
        "SITUAÇÃO": "DISPENSADO"
      }
    },
    {
      "type": "Feature",
      "geometry": {
        "type": "Polygon",
        "coordinates": [
          [
            [
              -46.6130470794181,
              -23.6470460848471
            ],
            [
              -46.6131713087099,
              -23.646754416075
            ],
            [
              -46.6132415252661,
              -23.6465194606753
            ],
            [
              -46.6132523278132,
              -23.6461197664321
            ],
            [
              -46.6123935253177,
              -23.6449098811554
            ],
            [
              -46.6123665189499,
              -23.6449368875232
            ],
            [
              -46.6122909011201,
              -23.6447964544107
            ],
            [
              -46.6121558692812,
              -23.6447964544108
            ],
            [
              -46.6120478438101,
              -23.6446776263925
            ],
            [
              -46.6121774743754,
              -23.6446128111098
            ],
            [
              -46.6119776272538,
              -23.6443535499791
            ],
            [
              -46.6117993852265,
              -23.6448234607785
            ],
            [
              -46.6104328630166,
              -23.6441591041311
            ],
            [
              -46.6108433598069,
              -23.6435649640398
            ],
            [
              -46.6125015507888,
              -23.6441915117724
            ],
            [
              -46.6127338055518,
              -23.6447748493165
            ],
            [
              -46.6129498564941,
              -23.6446938302132
            ],
            [
              -46.6132685316339,
              -23.6453743906813
            ],
            [
              -46.6135007863968,
              -23.6458226963865
            ],
            [
              -46.6135547991324,
              -23.6461467727999
            ],
            [
              -46.6136736271506,
              -23.6465626708638
            ],
            [
              -46.6136520220564,
              -23.6469569638334
            ],
            [
              -46.6136358182357,
              -23.6472594351526
            ],
            [
              -46.6130470794181,
              -23.6470460848471
            ]
          ]
        ]
      },
      "properties": {
        "EXPEDIENTE DISPENSA": "540/2021-D",
        "ANO ENTRADA": 2021,
        "MUNICIPIO": "SAO PAULO",
        "PROPRIETARIO": "FERNANDA FERRAZ DAL LAGO",
        "LOCALIZAÇÃO/ENDEREÇO": "AV. DO CURSINO, S/N.° X RUA PROFESSOR ARTHUR PRIMAVESI X RUA ERCÍLIO CONTRUCCI X RUA DOUTOR EUGÊNIO MAIA DE ANDRADE, QUADRA 25, JARDIM IMPERADOR, SAÚDE",
        "Nº DE UNIDADES HABITACIONAIS": 4,
        "ÁREA TOTAL DA GLEBA/M²": "32878.910000000003",
        "TIPOLOGIA DA CONSTRUÇÃO": null,
        "DATA DO CERTIFICADO": "2021-10-05T00:00:00",
        "SITUAÇÃO": "DISPENSADO"
      }
    },
    {
      "type": "Feature",
      "geometry": {
        "type": "Polygon",
        "coordinates": [
          [
            [
              -46.612648848616,
              -23.5545538080503
            ],
            [
              -46.6127227378525,
              -23.5556957326139
            ],
            [
              -46.6116211165088,
              -23.5558099250702
            ],
            [
              -46.6108889413475,
              -23.5555210853277
            ],
            [
              -46.6113020493514,
              -23.5546612833034
            ],
            [
              -46.612648848616,
              -23.5545538080503
            ]
          ]
        ]
      },
      "properties": {
        "EXPEDIENTE DISPENSA": "594/2021-D",
        "ANO ENTRADA": 2021,
        "MUNICIPIO": "SAO PAULO",
        "PROPRIETARIO": "CCISA66 INCORPORADORA LTDA",
        "LOCALIZAÇÃO/ENDEREÇO": "AVENIDA PRESIDENTE WILSON, N.° 82 E 84, MOOCA",
        "Nº DE UNIDADES HABITACIONAIS": 3,
        "ÁREA TOTAL DA GLEBA/M²": "20369.04",
        "TIPOLOGIA DA CONSTRUÇÃO": null,
        "DATA DO CERTIFICADO": "2021-10-19T00:00:00",
        "SITUAÇÃO": "DISPENSADO"
      }
    },
    {
      "type": "Feature",
      "geometry": {
        "type": "Polygon",
        "coordinates": [
          [
            [
              -51.5350410470563,
              -21.4992386316626
            ],
            [
              -51.5347929303588,
              -21.4993255354805
            ],
            [
              -51.5347299565777,
              -21.4991416520397
            ],
            [
              -51.5352261899726,
              -21.4989338385622
            ],
            [
              -51.535411332889,
              -21.4988859784886
            ],
            [
              -51.5361922077743,
              -21.5015270988669
            ],
            [
              -51.5360763360171,
              -21.5015875536967
            ],
            [
              -51.5354617119138,
              -21.5008872852512
            ],
            [
              -51.5350410470563,
              -21.4992386316626
            ]
          ]
        ]
      },
      "properties": {
        "EXPEDIENTE DISPENSA": "501/2021-D",
        "ANO ENTRADA": 2021,
        "MUNICIPIO": "DRACENA",
        "PROPRIETARIO": "EDSON ANTONINI E ANIDERCE BARBOSA SILVA ANTONINI",
        "LOCALIZAÇÃO/ENDEREÇO": "RUA NAÇÕES UNIDAS ESQUINA COM A AVENIDA IRRADIAÇAO",
        "Nº DE UNIDADES HABITACIONAIS": 5,
        "ÁREA TOTAL DA GLEBA/M²": "15475.38",
        "TIPOLOGIA DA CONSTRUÇÃO": null,
        "DATA DO CERTIFICADO": "2021-10-19T00:00:00",
        "SITUAÇÃO": "DISPENSADO"
      }
    },
    {
      "type": "Feature",
      "geometry": {
        "type": "Polygon",
        "coordinates": [
          [
            [
              -50.3569804486537,
              -20.5115200649905
            ],
            [
              -50.3572676090954,
              -20.5118122633347
            ],
            [
              -50.3567839704567,
              -20.5130868526637
            ],
            [
              -50.3563910140628,
              -20.5128702228568
            ],
            [
              -50.3569804486537,
              -20.5115200649905
            ]
          ]
        ]
      },
      "properties": {
        "EXPEDIENTE DISPENSA": "600/2021-D",
        "ANO ENTRADA": 2021,
        "MUNICIPIO": "SAO JOAO DE IRACEMA",
        "PROPRIETARIO": "PEDRO DA SILVEIRA COQUEIRO E TAIS NEIVA DA FONSECA COQUEIRO",
        "LOCALIZAÇÃO/ENDEREÇO": "RUA SUELI MARTINS ALBERTO PERREIRA",
        "Nº DE UNIDADES HABITACIONAIS": 14,
        "ÁREA TOTAL DA GLEBA/M²": "3929",
        "TIPOLOGIA DA CONSTRUÇÃO": null,
        "DATA DO CERTIFICADO": "2021-10-19T00:00:00",
        "SITUAÇÃO": "DISPENSADO"
      }
    },
    {
      "type": "Feature",
      "geometry": {
        "type": "Polygon",
        "coordinates": [
          [
            [
              -46.6884496209422,
              -23.6911785451476
            ],
            [
              -46.6869431943051,
              -23.6903532508355
            ],
            [
              -46.6860702868595,
              -23.6914509980776
            ],
            [
              -46.6871283564905,
              -23.6920858398562
            ],
            [
              -46.6874140352908,
              -23.6918662904078
            ],
            [
              -46.6875410036466,
              -23.6917604834447
            ],
            [
              -46.6877182303098,
              -23.6916149988704
            ],
            [
              -46.6879271990619,
              -23.6914827401666
            ],
            [
              -46.6880832643325,
              -23.6913637073331
            ],
            [
              -46.6884496209422,
              -23.6911785451476
            ]
          ]
        ]
      },
      "properties": {
        "EXPEDIENTE DISPENSA": "675/2021-D",
        "ANO ENTRADA": 2021,
        "MUNICIPIO": "SAO PAULO",
        "PROPRIETARIO": "CCISA 48 INCORPORADORA LTDA",
        "LOCALIZAÇÃO/ENDEREÇO": "AV. MIGUEL YUNES, S/N.°, JARDIM SABARÁ",
        "Nº DE UNIDADES HABITACIONAIS": 3,
        "ÁREA TOTAL DA GLEBA/M²": "20611.490000000002",
        "TIPOLOGIA DA CONSTRUÇÃO": null,
        "DATA DO CERTIFICADO": "2021-11-23T00:00:00",
        "SITUAÇÃO": "DISPENSADO"
      }
    },
    {
      "type": "Feature",
      "geometry": {
        "type": "Polygon",
        "coordinates": [
          [
            [
              -49.6344285122489,
              -20.8366040992149
            ],
            [
              -49.6346651477844,
              -20.8378062077356
            ],
            [
              -49.6342392038204,
              -20.8378787759665
            ],
            [
              -49.6340877570777,
              -20.837209886186
            ],
            [
              -49.6340909122181,
              -20.8371657142193
            ],
            [
              -49.634109843061,
              -20.8371026114098
            ],
            [
              -49.6341382393253,
              -20.8370426637408
            ],
            [
              -49.6341413944657,
              -20.8369921814932
            ],
            [
              -49.6341193084824,
              -20.8369290786837
            ],
            [
              -49.6340593608134,
              -20.8368785964362
            ],
            [
              -49.6340214991277,
              -20.8368344244695
            ],
            [
              -49.6340088785658,
              -20.8368028730648
            ],
            [
              -49.6339994131444,
              -20.8367523908172
            ],
            [
              -49.6340057234253,
              -20.8367208394125
            ],
            [
              -49.6340562056729,
              -20.8366735123053
            ],
            [
              -49.6344285122489,
              -20.8366040992149
            ]
          ]
        ]
      },
      "properties": {
        "EXPEDIENTE DISPENSA": "746/2021-D",
        "ANO ENTRADA": 2021,
        "MUNICIPIO": "NEVES PAULISTA",
        "PROPRIETARIO": "RODRIGO GUBOLIN ROCHA E OUTROS",
        "LOCALIZAÇÃO/ENDEREÇO": "RUA JOSÉ ANDRÉ X RUA ORLANDO MORALES",
        "Nº DE UNIDADES HABITACIONAIS": 7,
        "ÁREA TOTAL DA GLEBA/M²": "5571.44",
        "TIPOLOGIA DA CONSTRUÇÃO": null,
        "DATA DO CERTIFICADO": "2022-01-27T00:00:00",
        "SITUAÇÃO": "DISPENSADO"
      }
    },
    {
      "type": "Feature",
      "geometry": {
        "type": "Polygon",
        "coordinates": [
          [
            [
              -49.7033446680672,
              -20.7689663668784
            ],
            [
              -49.7018893595235,
              -20.7689876640766
            ],
            [
              -49.7019461520521,
              -20.7694349052389
            ],
            [
              -49.7019532511181,
              -20.7696549762869
            ],
            [
              -49.7020526380431,
              -20.769875047335
            ],
            [
              -49.7021946193644,
              -20.7699957314581
            ],
            [
              -49.7024359876107,
              -20.7701732081098
            ],
            [
              -49.7025992661302,
              -20.7702583969026
            ],
            [
              -49.7034440549922,
              -20.7707908268576
            ],
            [
              -49.7033446680672,
              -20.7689663668784
            ]
          ]
        ]
      },
      "properties": {
        "EXPEDIENTE DISPENSA": "779/2021-D",
        "ANO ENTRADA": 2021,
        "MUNICIPIO": "MONTE APRAZIVEL",
        "PROPRIETARIO": "PAV - EMPREENDIMENTOS E PARTICIPAÇÕES LTDA",
        "LOCALIZAÇÃO/ENDEREÇO": "RUA FUAD SALIM MARINA E AV. ANTÔNIO CANHEO",
        "Nº DE UNIDADES HABITACIONAIS": 15,
        "ÁREA TOTAL DA GLEBA/M²": "18647.93",
        "TIPOLOGIA DA CONSTRUÇÃO": null,
        "DATA DO CERTIFICADO": "2022-01-27T00:00:00",
        "SITUAÇÃO": "DISPENSADO"
      }
    },
    {
      "type": "Feature",
      "geometry": {
        "type": "Polygon",
        "coordinates": [
          [
            [
              -46.7210838059053,
              -21.9596394752785
            ],
            [
              -46.7229082658845,
              -21.9605836510653
            ],
            [
              -46.723064445338,
              -21.960335183753
            ],
            [
              -46.7232277238575,
              -21.9600654192425
            ],
            [
              -46.7236252715573,
              -21.9592064322484
            ],
            [
              -46.7237317575483,
              -21.9589721630682
            ],
            [
              -46.7238666398035,
              -21.9588230826808
            ],
            [
              -46.7240654136534,
              -21.9587662901522
            ],
            [
              -46.7231922285272,
              -21.956728858191
            ],
            [
              -46.7230786434701,
              -21.9567501553892
            ],
            [
              -46.7230005537434,
              -21.9567501553892
            ],
            [
              -46.7228940677524,
              -21.9567146600589
            ],
            [
              -46.7228159780256,
              -21.9566649665964
            ],
            [
              -46.722744987365,
              -21.9566649665964
            ],
            [
              -46.7227094920346,
              -21.9567075609928
            ],
            [
              -46.7210838059053,
              -21.9596394752785
            ]
          ]
        ]
      },
      "properties": {
        "EXPEDIENTE DISPENSA": "702/2021-D",
        "ANO ENTRADA": 2021,
        "MUNICIPIO": "SAO JOAO DA BOA VISTA",
        "PROPRIETARIO": "SEQUOIA EMPREENDIMENTOS IMOBILIÁRIOS S/S LTDA",
        "LOCALIZAÇÃO/ENDEREÇO": "RUA ERDIA OLYMPIA CELESTE MAGALHAES, QUADRA \"H\", LOTEAMENTO JARDIM DAS PAINEIRAS",
        "Nº DE UNIDADES HABITACIONAIS": 18,
        "ÁREA TOTAL DA GLEBA/M²": "70436",
        "TIPOLOGIA DA CONSTRUÇÃO": null,
        "DATA DO CERTIFICADO": "2022-02-01T00:00:00",
        "SITUAÇÃO": "DISPENSADO"
      }
    },
    {
      "type": "Feature",
      "geometry": {
        "type": "Polygon",
        "coordinates": [
          [
            [
              -49.5068638165346,
              -21.3459145651988
            ],
            [
              -49.5080351624357,
              -21.3458435745381
            ],
            [
              -49.5073891474236,
              -21.3433518023487
            ],
            [
              -49.5056711734354,
              -21.3431814247631
            ],
            [
              -49.5063881791082,
              -21.3455312156312
            ],
            [
              -49.5067289342794,
              -21.3453963333759
            ],
            [
              -49.5068638165346,
              -21.3459145651988
            ]
          ]
        ]
      },
      "properties": {
        "EXPEDIENTE DISPENSA": "770/2021-D",
        "ANO ENTRADA": 2021,
        "MUNICIPIO": "SALES",
        "PROPRIETARIO": "PEDRO LOURENÇO MACHADO E LUZIA PETENÓ MACHADO",
        "LOCALIZAÇÃO/ENDEREÇO": "CHÁCARA SÃO PEDRO, S/N°",
        "Nº DE UNIDADES HABITACIONAIS": 8,
        "ÁREA TOTAL DA GLEBA/M²": "47565",
        "TIPOLOGIA DA CONSTRUÇÃO": null,
        "DATA DO CERTIFICADO": "2022-02-01T00:00:00",
        "SITUAÇÃO": "DISPENSADO"
      }
    },
    {
      "type": "Feature",
      "geometry": {
        "type": "Polygon",
        "coordinates": [
          [
            [
              -49.0079308047562,
              -21.138409307756
            ],
            [
              -49.0075421308891,
              -21.137840938779
            ],
            [
              -49.0085164777067,
              -21.1373204884979
            ],
            [
              -49.0085590721031,
              -21.1373065122116
            ],
            [
              -49.0085856936009,
              -21.1373045155993
            ],
            [
              -49.0086089874114,
              -21.1373078432865
            ],
            [
              -49.0086322812219,
              -21.1373178263482
            ],
            [
              -49.0088738713141,
              -21.1375827102508
            ],
            [
              -49.0088964995871,
              -21.1376066695988
            ],
            [
              -49.0089018238867,
              -21.1376226424974
            ],
            [
              -49.0089028221929,
              -21.1376462690767
            ],
            [
              -49.0088988289682,
              -21.1376635730502
            ],
            [
              -49.0088935046686,
              -21.1376941877726
            ],
            [
              -49.0079308047562,
              -21.138409307756
            ]
          ]
        ]
      },
      "properties": {
        "EXPEDIENTE DISPENSA": "164/2022-D",
        "ANO ENTRADA": 2022,
        "MUNICIPIO": "CATANDUVA",
        "PROPRIETARIO": "TERRA VIIV EMPREENDIMENTOS IMOBILIÁRIOS SPE LTDA",
        "LOCALIZAÇÃO/ENDEREÇO": "RUA JOSÉ LUCENA FILHO, RUA ELZA GOMES HÉRCULES E RUA DR. DIOMAR CHIMELLO, LOTEAMENTO HORIZON CATANDUVA",
        "Nº DE UNIDADES HABITACIONAIS": 27,
        "ÁREA TOTAL DA GLEBA/M²": "8397.4",
        "TIPOLOGIA DA CONSTRUÇÃO": null,
        "DATA DO CERTIFICADO": "2022-03-22T00:00:00",
        "SITUAÇÃO": "DISPENSADO"
      }
    },
    {
      "type": "Feature",
      "geometry": {
        "type": "Polygon",
        "coordinates": [
          [
            [
              -46.7260570484884,
              -23.6636086683049
            ],
            [
              -46.725587493588,
              -23.6616785163574
            ],
            [
              -46.7239690873979,
              -23.6635354740969
            ],
            [
              -46.7241077711604,
              -23.6640208672656
            ],
            [
              -46.7260570484884,
              -23.6636086683049
            ]
          ]
        ]
      },
      "properties": {
        "EXPEDIENTE DISPENSA": "859/2022-D",
        "ANO ENTRADA": 2022,
        "MUNICIPIO": "SAO PAULO",
        "PROPRIETARIO": "VR ALUGUÉIS E SERVICOS S/A",
        "LOCALIZAÇÃO/ENDEREÇO": "AVENIDA GUIDO CALOI, S/N, SANTO AMARO",
        "Nº DE UNIDADES HABITACIONAIS": 2,
        "ÁREA TOTAL DA GLEBA/M²": "28973.11",
        "TIPOLOGIA DA CONSTRUÇÃO": null,
        "DATA DO CERTIFICADO": "2023-01-10T00:00:00",
        "SITUAÇÃO": "DISPENSADO"
      }
    },
    {
      "type": "Feature",
      "geometry": {
        "type": "Polygon",
        "coordinates": [
          [
            [
              -51.5338907836959,
              -21.4993127811613
            ],
            [
              -51.5314685116155,
              -21.5001527282299
            ],
            [
              -51.5316813795041,
              -21.498637995787
            ],
            [
              -51.5318734130497,
              -21.4983572717295
            ],
            [
              -51.5321707559093,
              -21.4981781816797
            ],
            [
              -51.5328161250597,
              -21.4979875474218
            ],
            [
              -51.5341458987844,
              -21.497406687026
            ],
            [
              -51.5341954611725,
              -21.4976409377242
            ],
            [
              -51.5339702980001,
              -21.4977710564448
            ],
            [
              -51.5339702980001,
              -21.4977710564448
            ],
            [
              -51.5339702980001,
              -21.4977710564448
            ],
            [
              -51.5338907836959,
              -21.4993127811613
            ]
          ]
        ]
      },
      "properties": {
        "EXPEDIENTE DISPENSA": "219/2022-D",
        "ANO ENTRADA": 2022,
        "MUNICIPIO": "DRACENA",
        "PROPRIETARIO": "LRG CONSTRUÇÕES E EMPREENDIMENTOS EIRELI",
        "LOCALIZAÇÃO/ENDEREÇO": "RUA TENENTE ANTERO CONTRERA, S/N.°",
        "Nº DE UNIDADES HABITACIONAIS": 20,
        "ÁREA TOTAL DA GLEBA/M²": "45620.800000000003",
        "TIPOLOGIA DA CONSTRUÇÃO": null,
        "DATA DO CERTIFICADO": "2022-04-19T00:00:00",
        "SITUAÇÃO": "DISPENSADO"
      }
    },
    {
      "type": "Feature",
      "geometry": {
        "type": "Polygon",
        "coordinates": [
          [
            [
              -48.0767174200336,
              -21.3502643758312
            ],
            [
              -48.0769111940587,
              -21.3505800733623
            ],
            [
              -48.0769700468549,
              -21.3506142326388
            ],
            [
              -48.0769700468549,
              -21.3506142326388
            ],
            [
              -48.0773461303196,
              -21.350462961091
            ],
            [
              -48.0773700331814,
              -21.3504036261535
            ],
            [
              -48.0773700331814,
              -21.3504036261535
            ],
            [
              -48.0773700331814,
              -21.3504036261535
            ],
            [
              -48.0773700331814,
              -21.3504036261535
            ],
            [
              -48.0773762672736,
              -21.3503557057101
            ],
            [
              -48.0773544154767,
              -21.350310810815
            ],
            [
              -48.0764837103338,
              -21.3487518177349
            ],
            [
              -48.076420400753,
              -21.348721513574
            ],
            [
              -48.0763521491203,
              -21.3487070822828
            ],
            [
              -48.0764772814801,
              -21.3491246712478
            ],
            [
              -48.0769339511519,
              -21.3501757000725
            ],
            [
              -48.0767174200336,
              -21.3502643758312
            ]
          ]
        ]
      },
      "properties": {
        "EXPEDIENTE DISPENSA": "778/2021-D",
        "ANO ENTRADA": 2021,
        "MUNICIPIO": "PRADOPOLIS",
        "PROPRIETARIO": "LOTEAMENTO PARQUE DOS PÁSSAROS 2 SPE EIRELI",
        "LOCALIZAÇÃO/ENDEREÇO": "RUA ROBERTO LUIZ DA SILVA PRADO",
        "Nº DE UNIDADES HABITACIONAIS": 24,
        "ÁREA TOTAL DA GLEBA/M²": "6182.05",
        "TIPOLOGIA DA CONSTRUÇÃO": null,
        "DATA DO CERTIFICADO": "2022-03-22T00:00:00",
        "SITUAÇÃO": "DISPENSADO"
      }
    },
    {
      "type": "Feature",
      "geometry": {
        "type": "Polygon",
        "coordinates": [
          [
            [
              -48.9109445490901,
              -23.0979508018849
            ],
            [
              -48.9089291327121,
              -23.0976041960863
            ],
            [
              -48.908922002792,
              -23.0977929136244
            ],
            [
              -48.9095330412897,
              -23.0978926207469
            ],
            [
              -48.9094704354954,
              -23.0986303831682
            ],
            [
              -48.9108306705687,
              -23.0985748307402
            ],
            [
              -48.9109445490901,
              -23.0979508018849
            ]
          ]
        ]
      },
      "properties": {
        "EXPEDIENTE DISPENSA": "83/2023-D",
        "ANO ENTRADA": 2023,
        "MUNICIPIO": "AVARE",
        "PROPRIETARIO": "CARLOS AUGUSTO MARTINS RODRIGUES E OUTROS",
        "LOCALIZAÇÃO/ENDEREÇO": "RUA PROFESSORA DANUZIA D' SANTI, GLEBA A, VILA IPIRANGA",
        "Nº DE UNIDADES HABITACIONAIS": 21,
        "ÁREA TOTAL DA GLEBA/M²": "13500.52",
        "TIPOLOGIA DA CONSTRUÇÃO": null,
        "DATA DO CERTIFICADO": "2023-02-28T00:00:00",
        "SITUAÇÃO": "DISPENSADO"
      }
    },
    {
      "type": "Feature",
      "geometry": {
        "type": "Polygon",
        "coordinates": [
          [
            [
              -47.4632008999977,
              -24.2868270453837
            ],
            [
              -47.463209783787,
              -24.2865067347982
            ],
            [
              -47.4634011205698,
              -24.2864992483835
            ],
            [
              -47.4639678299621,
              -24.2866617613908
            ],
            [
              -47.4638922132956,
              -24.2869606095624
            ],
            [
              -47.4635949424975,
              -24.2868720611007
            ],
            [
              -47.4634394922382,
              -24.2868385772362
            ],
            [
              -47.4632008999977,
              -24.2868270453837
            ]
          ]
        ]
      },
      "properties": {
        "EXPEDIENTE DISPENSA": "90/2023-D",
        "ANO ENTRADA": 2023,
        "MUNICIPIO": "MIRACATU",
        "PROPRIETARIO": "ROBERTA RIVERA DANTAS",
        "LOCALIZAÇÃO/ENDEREÇO": "AV. WASHINGTON LUIZ, BAIRRO ESTAÇÃO",
        "Nº DE UNIDADES HABITACIONAIS": 10,
        "ÁREA TOTAL DA GLEBA/M²": "7735.7629999999999",
        "TIPOLOGIA DA CONSTRUÇÃO": null,
        "DATA DO CERTIFICADO": "2023-03-07T00:00:00",
        "SITUAÇÃO": "DISPENSADO"
      }
    },
    {
      "type": "Feature",
      "geometry": {
        "type": "Polygon",
        "coordinates": [
          [
            [
              -45.7048354073315,
              -23.0870318545641
            ],
            [
              -45.7039472935409,
              -23.0869083370412
            ],
            [
              -45.7039029098301,
              -23.0869063742148
            ],
            [
              -45.7038679126931,
              -23.0869130121664
            ],
            [
              -45.7038423358755,
              -23.0869347327208
            ],
            [
              -45.7038214298367,
              -23.0869564324554
            ],
            [
              -45.703809989114,
              -23.0870018572242
            ],
            [
              -45.7037895892862,
              -23.0871207842317
            ],
            [
              -45.7037602078034,
              -23.0873088922601
            ],
            [
              -45.7037603765407,
              -23.0873413013515
            ],
            [
              -45.7037791834861,
              -23.0873649847597
            ],
            [
              -45.7038120028439,
              -23.087388605718
            ],
            [
              -45.703912515097,
              -23.0874054429904
            ],
            [
              -45.7047632882252,
              -23.0875334485909
            ],
            [
              -45.7048076045516,
              -23.0875224475365
            ],
            [
              -45.7048401537257,
              -23.0874942137423
            ],
            [
              -45.7048633274785,
              -23.0874595398194
            ],
            [
              -45.7048837151331,
              -23.0873384520948
            ],
            [
              -45.7049063592797,
              -23.0872022297034
            ],
            [
              -45.7049153290401,
              -23.0871308880218
            ],
            [
              -45.7049080299005,
              -23.087074743548
            ],
            [
              -45.7048938823251,
              -23.0870488788241
            ],
            [
              -45.7048354073315,
              -23.0870318545641
            ]
          ]
        ]
      },
      "properties": {
        "EXPEDIENTE DISPENSA": "100/2023-D",
        "ANO ENTRADA": 2023,
        "MUNICIPIO": "CACAPAVA",
        "PROPRIETARIO": "PCP EMPREENDIMENTOS IMOBILIÁRIOS LTDA",
        "LOCALIZAÇÃO/ENDEREÇO": "RUA CORONEL JAIME ROLEMBERG DE LIMA, JARDIM SÃO JOSÉ",
        "Nº DE UNIDADES HABITACIONAIS": 36,
        "ÁREA TOTAL DA GLEBA/M²": "5587.22",
        "TIPOLOGIA DA CONSTRUÇÃO": null,
        "DATA DO CERTIFICADO": "2023-03-30T00:00:00",
        "SITUAÇÃO": "DISPENSADO"
      }
    },
    {
      "type": "Feature",
      "geometry": {
        "type": "Polygon",
        "coordinates": [
          [
            [
              -48.9164365897569,
              -20.9980702170368
            ],
            [
              -48.9174625237996,
              -20.9979537891265
            ],
            [
              -48.9174346777004,
              -20.9972793096037
            ],
            [
              -48.9178292556522,
              -20.9972542186163
            ],
            [
              -48.918146954734,
              -21.0009360634993
            ],
            [
              -48.917667320455,
              -21.00096631654
            ],
            [
              -48.9177636752236,
              -21.0020455689321
            ],
            [
              -48.9168620999894,
              -21.0024886982496
            ],
            [
              -48.9168020435467,
              -20.9992776559649
            ],
            [
              -48.9162178353295,
              -20.9992175244579
            ],
            [
              -48.9164365897569,
              -20.9980702170368
            ],
            [
              -48.9164365897569,
              -20.9980702170368
            ]
          ]
        ]
      },
      "properties": {
        "EXPEDIENTE DISPENSA": "44/2024-D",
        "ANO ENTRADA": 2024,
        "MUNICIPIO": "NOVAIS",
        "PROPRIETARIO": "EMPREENDIMENTO IMOBILIÁRIO RESIDENCIAL RM SPE LTDA",
        "LOCALIZAÇÃO/ENDEREÇO": "RUA ANTÔNIO MARCONDES, N.° 1.191",
        "Nº DE UNIDADES HABITACIONAIS": 39,
        "ÁREA TOTAL DA GLEBA/M²": "65834.66",
        "TIPOLOGIA DA CONSTRUÇÃO": null,
        "DATA DO CERTIFICADO": "2024-02-06T00:00:00",
        "SITUAÇÃO": "DISPENSADO"
      }
    },
    {
      "type": "Feature",
      "geometry": {
        "type": "Polygon",
        "coordinates": [
          [
            [
              -49.9531679089564,
              -21.4595123539122
            ],
            [
              -49.953366231025,
              -21.4596865935417
            ],
            [
              -49.9540371062029,
              -21.4590840488231
            ],
            [
              -49.9540655490376,
              -21.459012043551
            ],
            [
              -49.9540592223028,
              -21.4589655320167
            ],
            [
              -49.9539958645102,
              -21.4589184897146
            ],
            [
              -49.9534906994995,
              -21.4585220857807
            ],
            [
              -49.9527685921013,
              -21.4591550579005
            ],
            [
              -49.9531679089564,
              -21.4595123539122
            ]
          ]
        ]
      },
      "properties": {
        "EXPEDIENTE DISPENSA": "38/2023-D",
        "ANO ENTRADA": 2023,
        "MUNICIPIO": "AVANHANDAVA",
        "PROPRIETARIO": "CERÂMICA GUARANY LTDA",
        "LOCALIZAÇÃO/ENDEREÇO": "RUA SANTOS DUMONT, RUA SANTO ANTÔNIO, CENTRO",
        "Nº DE UNIDADES HABITACIONAIS": 19,
        "ÁREA TOTAL DA GLEBA/M²": "8542.84",
        "TIPOLOGIA DA CONSTRUÇÃO": null,
        "DATA DO CERTIFICADO": "2023-03-28T00:00:00",
        "SITUAÇÃO": "DISPENSADO"
      }
    },
    {
      "type": "Feature",
      "geometry": {
        "type": "Polygon",
        "coordinates": [
          [
            [
              -46.86470445981,
              -23.5361240928075
            ],
            [
              -46.8644182723458,
              -23.5360198265688
            ],
            [
              -46.864109381336,
              -23.5358586180867
            ],
            [
              -46.8636309973099,
              -23.5355850120037
            ],
            [
              -46.8632402527079,
              -23.5353137202134
            ],
            [
              -46.8630596215456,
              -23.5351879939271
            ],
            [
              -46.8629007460093,
              -23.5350519103441
            ],
            [
              -46.8628010223901,
              -23.5349689665664
            ],
            [
              -46.8627415390312,
              -23.5348922719311
            ],
            [
              -46.8629644950184,
              -23.5349131607768
            ],
            [
              -46.8629778134928,
              -23.5348221323415
            ],
            [
              -46.8631484427849,
              -23.5347561441193
            ],
            [
              -46.8637172579235,
              -23.5352305995008
            ],
            [
              -46.8640639709129,
              -23.535485590095
            ],
            [
              -46.8643727660913,
              -23.5356400688419
            ],
            [
              -46.8646849743234,
              -23.5357776784551
            ],
            [
              -46.8648060278798,
              -23.5358199790711
            ],
            [
              -46.86470445981,
              -23.5361240928075
            ]
          ]
        ]
      },
      "properties": {
        "EXPEDIENTE DISPENSA": "469/2023-D",
        "ANO ENTRADA": 2023,
        "MUNICIPIO": "BARUERI",
        "PROPRIETARIO": "ZITUNE EMPREENDIMENTOS IMOBILIÁRIOS LTDA E OUTRO",
        "LOCALIZAÇÃO/ENDEREÇO": "AVENIDA JOSÉ DIAS DA SILVA E AVENIDA ANIBAL CORREIA, ÁREA REMANESCENTE 02, BAIRRO VOTUPOCA",
        "Nº DE UNIDADES HABITACIONAIS": 20,
        "ÁREA TOTAL DA GLEBA/M²": "8293.66",
        "TIPOLOGIA DA CONSTRUÇÃO": null,
        "DATA DO CERTIFICADO": "2023-09-19T00:00:00",
        "SITUAÇÃO": "DISPENSADO"
      }
    },
    {
      "type": "Feature",
      "geometry": {
        "type": "Polygon",
        "coordinates": [
          [
            [
              -48.9111773539792,
              -21.180553048997
            ],
            [
              -48.9126386419586,
              -21.181452025418
            ],
            [
              -48.9127858421772,
              -21.181269377948
            ],
            [
              -48.9113367193647,
              -21.1803375324961
            ],
            [
              -48.9111773539792,
              -21.180553048997
            ]
          ]
        ]
      },
      "properties": {
        "EXPEDIENTE DISPENSA": "185/2023-D",
        "ANO ENTRADA": 2023,
        "MUNICIPIO": "PINDORAMA",
        "PROPRIETARIO": "CÉLIA MARIA MARTINS RODRIGUES E OUTROS",
        "LOCALIZAÇÃO/ENDEREÇO": "RUA DONA PINA, PARTE 2",
        "Nº DE UNIDADES HABITACIONAIS": 16,
        "ÁREA TOTAL DA GLEBA/M²": "4544.25",
        "TIPOLOGIA DA CONSTRUÇÃO": null,
        "DATA DO CERTIFICADO": "2023-04-25T00:00:00",
        "SITUAÇÃO": "DISPENSADO"
      }
    },
    {
      "type": "Feature",
      "geometry": {
        "type": "Polygon",
        "coordinates": [
          [
            [
              -50.9002210431556,
              -22.2347276468049
            ],
            [
              -50.8988814223858,
              -22.2342211771782
            ],
            [
              -50.8981767320531,
              -22.2356787566179
            ],
            [
              -50.8974038764981,
              -22.2376063860676
            ],
            [
              -50.8988688662771,
              -22.2373601892845
            ],
            [
              -50.9002210431556,
              -22.2347276468049
            ]
          ]
        ]
      },
      "properties": {
        "EXPEDIENTE DISPENSA": "244/2023-D",
        "ANO ENTRADA": 2023,
        "MUNICIPIO": "RANCHARIA",
        "PROPRIETARIO": "LRG CONSTRUÇÕES E EMPREENDIMENTOS LTDA",
        "LOCALIZAÇÃO/ENDEREÇO": "RUA JULIO PAULO FILHO",
        "Nº DE UNIDADES HABITACIONAIS": 18,
        "ÁREA TOTAL DA GLEBA/M²": "50192",
        "TIPOLOGIA DA CONSTRUÇÃO": null,
        "DATA DO CERTIFICADO": "2023-05-09T00:00:00",
        "SITUAÇÃO": "DISPENSADO"
      }
    },
    {
      "type": "Feature",
      "geometry": {
        "type": "Polygon",
        "coordinates": [
          [
            [
              -50.492139363492,
              -21.9123421583234
            ],
            [
              -50.4916420554887,
              -21.9120718467144
            ],
            [
              -50.4908012531242,
              -21.9161114872894
            ],
            [
              -50.4913803234423,
              -21.9161947329211
            ],
            [
              -50.492139363492,
              -21.9123421583234
            ]
          ]
        ]
      },
      "properties": {
        "EXPEDIENTE DISPENSA": "164/2023-D",
        "ANO ENTRADA": 2023,
        "MUNICIPIO": "TUPA",
        "PROPRIETARIO": "ANGELO GARBIN",
        "LOCALIZAÇÃO/ENDEREÇO": "RUA GENTIL MORÁBITO, COMPREENDIDA PELO LOTE N.° 06 DA QUADRA N.° 1.010, CHÁCARAS URBANAS",
        "Nº DE UNIDADES HABITACIONAIS": 18,
        "ÁREA TOTAL DA GLEBA/M²": "24572.67",
        "TIPOLOGIA DA CONSTRUÇÃO": null,
        "DATA DO CERTIFICADO": "2023-05-09T00:00:00",
        "SITUAÇÃO": "DISPENSADO"
      }
    },
    {
      "type": "Feature",
      "geometry": {
        "type": "Polygon",
        "coordinates": [
          [
            [
              -47.9831943488511,
              -21.1219660876023
            ],
            [
              -47.9827762848078,
              -21.1214258304245
            ],
            [
              -47.9827316675309,
              -21.1213998437858
            ],
            [
              -47.9826847493483,
              -21.1213885009569
            ],
            [
              -47.9826408137011,
              -21.1213965766216
            ],
            [
              -47.9825843996905,
              -21.1214292109175
            ],
            [
              -47.9824846828606,
              -21.1215015501361
            ],
            [
              -47.9820981469721,
              -21.1217590488401
            ],
            [
              -47.9820418787234,
              -21.1217989820585
            ],
            [
              -47.9820038104767,
              -21.1218410285777
            ],
            [
              -47.9820127092017,
              -21.1218968511315
            ],
            [
              -47.982063388849,
              -21.1219665410537
            ],
            [
              -47.9824775447361,
              -21.1224411541336
            ],
            [
              -47.9825039622035,
              -21.1224650275547
            ],
            [
              -47.9825609121595,
              -21.1224591564991
            ],
            [
              -47.9832054028074,
              -21.1219999671476
            ],
            [
              -47.9831943488511,
              -21.1219660876023
            ]
          ]
        ]
      },
      "properties": {
        "EXPEDIENTE DISPENSA": "221/2023-D",
        "ANO ENTRADA": 2023,
        "MUNICIPIO": "SERTAOZINHO",
        "PROPRIETARIO": "AUREA HOLDING E EMPREENDIMENTOS IMOBILIÁRIOS LTDA",
        "LOCALIZAÇÃO/ENDEREÇO": "RUA DOUTOR OLIDAIR AMBRÓSIO (ENTRE RUA ANTÔNIO SOARES E RUA LUIZ IGNÁCIO MARQUES DE OLIVEIRA)",
        "Nº DE UNIDADES HABITACIONAIS": 18,
        "ÁREA TOTAL DA GLEBA/M²": "7555.47",
        "TIPOLOGIA DA CONSTRUÇÃO": null,
        "DATA DO CERTIFICADO": "2023-05-09T00:00:00",
        "SITUAÇÃO": "DISPENSADO"
      }
    },
    {
      "type": "Feature",
      "geometry": {
        "type": "Polygon",
        "coordinates": [
          [
            [
              -47.4674445311692,
              -24.285791272704
            ],
            [
              -47.4674551211885,
              -24.2859873826571
            ],
            [
              -47.4674365146159,
              -24.2862556254207
            ],
            [
              -47.4673726942503,
              -24.2869981719176
            ],
            [
              -47.4676460400304,
              -24.2870716207145
            ],
            [
              -47.4676902390354,
              -24.2868964297546
            ],
            [
              -47.4675913357452,
              -24.286879343131
            ],
            [
              -47.4676482285488,
              -24.2857786166816
            ],
            [
              -47.4674445311692,
              -24.285791272704
            ]
          ]
        ]
      },
      "properties": {
        "EXPEDIENTE DISPENSA": "261/2023-D",
        "ANO ENTRADA": 2023,
        "MUNICIPIO": "MIRACATU",
        "PROPRIETARIO": "NS LOUREIRO INCORPORADORA EIRELI - ME",
        "LOCALIZAÇÃO/ENDEREÇO": "RUA CATHARINA SCHORWAGA LOUREIRO, VILA FORMOSA",
        "Nº DE UNIDADES HABITACIONAIS": 22,
        "ÁREA TOTAL DA GLEBA/M²": "3720.8",
        "TIPOLOGIA DA CONSTRUÇÃO": null,
        "DATA DO CERTIFICADO": "2023-05-16T00:00:00",
        "SITUAÇÃO": "DISPENSADO"
      }
    },
    {
      "type": "Feature",
      "geometry": {
        "type": "Polygon",
        "coordinates": [
          [
            [
              -47.9908032544777,
              -20.4898443644903
            ],
            [
              -47.9905119799896,
              -20.490003478288
            ],
            [
              -47.9907586608517,
              -20.4903553568511
            ],
            [
              -47.9906942652363,
              -20.4904078314007
            ],
            [
              -47.9908364350758,
              -20.4906176892594
            ],
            [
              -47.9905493901396,
              -20.4908075492653
            ],
            [
              -47.9903478981082,
              -20.4905370755398
            ],
            [
              -47.9901865430464,
              -20.4906494340826
            ],
            [
              -47.9903809020346,
              -20.4909268795646
            ],
            [
              -47.9902445120352,
              -20.4910148377565
            ],
            [
              -47.9900202262866,
              -20.4906933915265
            ],
            [
              -47.989815807197,
              -20.4908338863058
            ],
            [
              -47.9895617287361,
              -20.4904752850489
            ],
            [
              -47.9907470337036,
              -20.4897563009794
            ],
            [
              -47.9908032544777,
              -20.4898443644903
            ]
          ]
        ]
      },
      "properties": {
        "EXPEDIENTE DISPENSA": "257/2023-D",
        "ANO ENTRADA": 2023,
        "MUNICIPIO": "IPUA",
        "PROPRIETARIO": "LUIZ SILVA E OUTRA",
        "LOCALIZAÇÃO/ENDEREÇO": "RUA JOSÉ MÁXIMO DE SOUZA, S/N°, BAIRRO CAPELINHA",
        "Nº DE UNIDADES HABITACIONAIS": 2,
        "ÁREA TOTAL DA GLEBA/M²": "7293.7",
        "TIPOLOGIA DA CONSTRUÇÃO": null,
        "DATA DO CERTIFICADO": "2023-05-30T00:00:00",
        "SITUAÇÃO": "DISPENSADO"
      }
    },
    {
      "type": "Feature",
      "geometry": {
        "type": "Polygon",
        "coordinates": [
          [
            [
              -47.8374979800842,
              -21.1746082664427
            ],
            [
              -47.8369127866074,
              -21.1732008560022
            ],
            [
              -47.8375170819828,
              -21.1728666768331
            ],
            [
              -47.8382222221597,
              -21.1736109119913
            ],
            [
              -47.8396496232291,
              -21.1736196617633
            ],
            [
              -47.8398854475607,
              -21.1742735830658
            ],
            [
              -47.8385156155305,
              -21.1745388058381
            ],
            [
              -47.8374979800842,
              -21.1746082664427
            ]
          ]
        ]
      },
      "properties": {
        "EXPEDIENTE DISPENSA": "253/2023-D",
        "ANO ENTRADA": 2023,
        "MUNICIPIO": "RIBEIRAO PRETO",
        "PROPRIETARIO": "MEIRELLES E VIANA EMPREENDIMENTOS IMOBILIÁRIOS LTDA",
        "LOCALIZAÇÃO/ENDEREÇO": "AVENIDA DO CAFÉ, S/N°",
        "Nº DE UNIDADES HABITACIONAIS": 3,
        "ÁREA TOTAL DA GLEBA/M²": "33204.42",
        "TIPOLOGIA DA CONSTRUÇÃO": null,
        "DATA DO CERTIFICADO": "2023-06-06T00:00:00",
        "SITUAÇÃO": "DISPENSADO"
      }
    },
    {
      "type": "Feature",
      "geometry": {
        "type": "Polygon",
        "coordinates": [
          [
            [
              -50.1966947229263,
              -20.1500218781138
            ],
            [
              -50.1967776206672,
              -20.1497933763784
            ],
            [
              -50.1951871183482,
              -20.14918298307
            ],
            [
              -50.1945564558015,
              -20.1506918503109
            ],
            [
              -50.1961556700971,
              -20.1513312089976
            ],
            [
              -50.1966947229263,
              -20.1500218781138
            ]
          ]
        ]
      },
      "properties": {
        "EXPEDIENTE DISPENSA": "260/2023-D",
        "ANO ENTRADA": 2023,
        "MUNICIPIO": "MACEDONIA",
        "PROPRIETARIO": "SEBASTIÃO ANTÔNIO VILLELA E MARIA ROSA DE ARAÚJO",
        "LOCALIZAÇÃO/ENDEREÇO": "RUA SATURNINO ALVES, QUADRA 1-B, BAIRRO CENTRO",
        "Nº DE UNIDADES HABITACIONAIS": 14,
        "ÁREA TOTAL DA GLEBA/M²": "34188.410000000003",
        "TIPOLOGIA DA CONSTRUÇÃO": null,
        "DATA DO CERTIFICADO": "2023-06-06T00:00:00",
        "SITUAÇÃO": "DISPENSADO"
      }
    },
    {
      "type": "Feature",
      "geometry": {
        "type": "Polygon",
        "coordinates": [
          [
            [
              -49.465854927587,
              -20.6189653127781
            ],
            [
              -49.46551693965,
              -20.6189006535472
            ],
            [
              -49.4654761888787,
              -20.6191624443722
            ],
            [
              -49.465805525937,
              -20.6192070762989
            ],
            [
              -49.465854927587,
              -20.6189653127781
            ]
          ]
        ]
      },
      "properties": {
        "EXPEDIENTE DISPENSA": "280/2023-D",
        "ANO ENTRADA": 2023,
        "MUNICIPIO": "MIRASSOLANDIA",
        "PROPRIETARIO": "JOSÉ APARECIDO PIMENTA",
        "LOCALIZAÇÃO/ENDEREÇO": "RUA EUGÊNIO PONCHIO",
        "Nº DE UNIDADES HABITACIONAIS": 4,
        "ÁREA TOTAL DA GLEBA/M²": "858",
        "TIPOLOGIA DA CONSTRUÇÃO": null,
        "DATA DO CERTIFICADO": "2023-06-20T00:00:00",
        "SITUAÇÃO": "DISPENSADO"
      }
    },
    {
      "type": "Feature",
      "geometry": {
        "type": "Polygon",
        "coordinates": [
          [
            [
              -48.7302688927115,
              -22.5273698128777
            ],
            [
              -48.7305288150559,
              -22.5275027018665
            ],
            [
              -48.7304148065031,
              -22.5277117445776
            ],
            [
              -48.7303243900846,
              -22.5278448255013
            ],
            [
              -48.7302256471478,
              -22.5279860379616
            ],
            [
              -48.7300893286883,
              -22.5281598757171
            ],
            [
              -48.7298861854251,
              -22.5283908324449
            ],
            [
              -48.7297035376222,
              -22.5285895600409
            ],
            [
              -48.7296042603529,
              -22.528710938774
            ],
            [
              -48.7295629521991,
              -22.5286047295679
            ],
            [
              -48.7302688927115,
              -22.5273698128777
            ]
          ]
        ]
      },
      "properties": {
        "EXPEDIENTE DISPENSA": "306/2023-D",
        "ANO ENTRADA": 2023,
        "MUNICIPIO": "MACATUBA",
        "PROPRIETARIO": "JORGE LUIZ SAGGIN E OUTROS",
        "LOCALIZAÇÃO/ENDEREÇO": "RUA PROFESSOR MITSUKO TANAKA RIBEIRO, S/N°, BAIRRO DOS PRADOS",
        "Nº DE UNIDADES HABITACIONAIS": 13,
        "ÁREA TOTAL DA GLEBA/M²": "3767.14",
        "TIPOLOGIA DA CONSTRUÇÃO": null,
        "DATA DO CERTIFICADO": "2023-07-04T00:00:00",
        "SITUAÇÃO": "DISPENSADO"
      }
    },
    {
      "type": "Feature",
      "geometry": {
        "type": "Polygon",
        "coordinates": [
          [
            [
              -48.7306559718362,
              -22.5263526606616
            ],
            [
              -48.7307351746088,
              -22.5264381442733
            ],
            [
              -48.7307001597978,
              -22.5265659703388
            ],
            [
              -48.7302688927115,
              -22.5273698128777
            ],
            [
              -48.7305288150559,
              -22.5275027018665
            ],
            [
              -48.7310659722621,
              -22.5266646476847
            ],
            [
              -48.7308972102191,
              -22.5265852120774
            ],
            [
              -48.7310106839623,
              -22.5263563357583
            ],
            [
              -48.7308194000959,
              -22.5262337618796
            ],
            [
              -48.730554677048,
              -22.5260811386721
            ],
            [
              -48.7303151465825,
              -22.5259120536782
            ],
            [
              -48.7301759542952,
              -22.5258200234678
            ],
            [
              -48.7300233130264,
              -22.5257044901399
            ],
            [
              -48.7297876270386,
              -22.5255194383091
            ],
            [
              -48.7295988023911,
              -22.5253293296988
            ],
            [
              -48.7293496686109,
              -22.5251207740226
            ],
            [
              -48.7291476094169,
              -22.5249150950626
            ],
            [
              -48.7289638024714,
              -22.5247526533406
            ],
            [
              -48.7285752320956,
              -22.525396734409
            ],
            [
              -48.7306559718362,
              -22.5263526606616
            ]
          ]
        ]
      },
      "properties": {
        "EXPEDIENTE DISPENSA": "307/2023-D",
        "ANO ENTRADA": 2023,
        "MUNICIPIO": "MACATUBA",
        "PROPRIETARIO": "JORGE LUIZ SAGGIN E OUTROS",
        "LOCALIZAÇÃO/ENDEREÇO": "RUA JOÃO PAVANELLO, S/N°, BAIRRO DOS PRADOS",
        "Nº DE UNIDADES HABITACIONAIS": 27,
        "ÁREA TOTAL DA GLEBA/M²": "9720.8799999999992",
        "TIPOLOGIA DA CONSTRUÇÃO": null,
        "DATA DO CERTIFICADO": "2023-07-04T00:00:00",
        "SITUAÇÃO": "DISPENSADO"
      }
    },
    {
      "type": "Feature",
      "geometry": {
        "type": "Polygon",
        "coordinates": [
          [
            [
              -48.7295202802588,
              -22.5286067119556
            ],
            [
              -48.7294522290932,
              -22.5286182138208
            ],
            [
              -48.7272317297033,
              -22.5276297930115
            ],
            [
              -48.72701128205,
              -22.5280119766773
            ],
            [
              -48.7292722440632,
              -22.5289954920669
            ],
            [
              -48.7293090156955,
              -22.5290918836766
            ],
            [
              -48.7293539560343,
              -22.5290948101646
            ],
            [
              -48.7295881673665,
              -22.5287480270275
            ],
            [
              -48.7295882760455,
              -22.5286726102201
            ],
            [
              -48.7295532106788,
              -22.5286396858605
            ],
            [
              -48.7295202802588,
              -22.5286067119556
            ]
          ]
        ]
      },
      "properties": {
        "EXPEDIENTE DISPENSA": "308/2023-D",
        "ANO ENTRADA": 2023,
        "MUNICIPIO": "MACATUBA",
        "PROPRIETARIO": "JORGE LUIZ SAGGIN E OUTROS",
        "LOCALIZAÇÃO/ENDEREÇO": "RUA BOAVENTURA ANTÔNIO AZEVEDO, S/N°, BAIRRO DOS PADROS",
        "Nº DE UNIDADES HABITACIONAIS": 23,
        "ÁREA TOTAL DA GLEBA/M²": "11063.49",
        "TIPOLOGIA DA CONSTRUÇÃO": null,
        "DATA DO CERTIFICADO": "2023-07-04T00:00:00",
        "SITUAÇÃO": "DISPENSADO"
      }
    },
    {
      "type": "Feature",
      "geometry": {
        "type": "Polygon",
        "coordinates": [
          [
            [
              -47.3727421950319,
              -22.7362645938219
            ],
            [
              -47.3721561833097,
              -22.7351624595671
            ],
            [
              -47.3715492129234,
              -22.735608926514
            ],
            [
              -47.3720833486985,
              -22.7367757313516
            ],
            [
              -47.3727421950319,
              -22.7362645938219
            ]
          ]
        ]
      },
      "properties": {
        "EXPEDIENTE DISPENSA": "388/2023-D",
        "ANO ENTRADA": 2023,
        "MUNICIPIO": "SANTA BARBARA D'OESTE",
        "PROPRIETARIO": "IRMÃOS PITOLI ADMINISTRAÇÃO DE BENS LTDA",
        "LOCALIZAÇÃO/ENDEREÇO": "RUA LIMEIRA, ÁREA 3, CHÁCARA ZABANI",
        "Nº DE UNIDADES HABITACIONAIS": 3,
        "ÁREA TOTAL DA GLEBA/M²": "16184.43",
        "TIPOLOGIA DA CONSTRUÇÃO": null,
        "DATA DO CERTIFICADO": "2023-07-11T00:00:00",
        "SITUAÇÃO": "DISPENSADO"
      }
    },
    {
      "type": "Feature",
      "geometry": {
        "type": "Polygon",
        "coordinates": [
          [
            [
              -47.8300201970882,
              -20.4324184132797
            ],
            [
              -47.8299654658132,
              -20.4322922391406
            ],
            [
              -47.8300672218346,
              -20.4322599942455
            ],
            [
              -47.8300778929406,
              -20.4322974693808
            ],
            [
              -47.8304152577886,
              -20.432181387778
            ],
            [
              -47.8304441728231,
              -20.4322609208708
            ],
            [
              -47.8300201970882,
              -20.4324184132797
            ]
          ]
        ]
      },
      "properties": {
        "EXPEDIENTE DISPENSA": "441/2023-D",
        "ANO ENTRADA": 2023,
        "MUNICIPIO": "GUARA",
        "PROPRIETARIO": "LUCÉLIA REGINA GONÇALVES RIBEIRO E ECIMAR JOSÉ RIBEIRO",
        "LOCALIZAÇÃO/ENDEREÇO": "RUA DUQUE DE CAXIAS (LADO ÍMPAR) E RUA PRUDENTE DE MORAIS (LADO PAR)",
        "Nº DE UNIDADES HABITACIONAIS": 3,
        "ÁREA TOTAL DA GLEBA/M²": "724",
        "TIPOLOGIA DA CONSTRUÇÃO": null,
        "DATA DO CERTIFICADO": "2023-08-01T00:00:00",
        "SITUAÇÃO": "DISPENSADO"
      }
    },
    {
      "type": "Feature",
      "geometry": {
        "type": "Polygon",
        "coordinates": [
          [
            [
              -50.3899987812662,
              -20.2890176558225
            ],
            [
              -50.389388974494,
              -20.2890554655011
            ],
            [
              -50.389014616035,
              -20.2890092066974
            ],
            [
              -50.3885724459736,
              -20.2889216795421
            ],
            [
              -50.3880413942776,
              -20.2887742623544
            ],
            [
              -50.3870865757285,
              -20.2884809302746
            ],
            [
              -50.3863090213229,
              -20.2882929340479
            ],
            [
              -50.3861672693381,
              -20.2884755664479
            ],
            [
              -50.3862994582977,
              -20.2886063878386
            ],
            [
              -50.3883469866348,
              -20.2891936173853
            ],
            [
              -50.3898751601764,
              -20.28950211685
            ],
            [
              -50.3899987812662,
              -20.2890176558225
            ]
          ]
        ]
      },
      "properties": {
        "EXPEDIENTE DISPENSA": "430/2023-D",
        "ANO ENTRADA": 2023,
        "MUNICIPIO": "ESTRELA D'OESTE",
        "PROPRIETARIO": "CLAUDIA ARNAL CARRASCO NOGUEIRA",
        "LOCALIZAÇÃO/ENDEREÇO": "RUA MINAS GERAIS, GLEBA B, BAIRRO CHÁCARA COLINA DO VERDE JADI",
        "Nº DE UNIDADES HABITACIONAIS": 32,
        "ÁREA TOTAL DA GLEBA/M²": "12052",
        "TIPOLOGIA DA CONSTRUÇÃO": null,
        "DATA DO CERTIFICADO": "2023-08-01T00:00:00",
        "SITUAÇÃO": "DISPENSADO"
      }
    },
    {
      "type": "Feature",
      "geometry": {
        "type": "Polygon",
        "coordinates": [
          [
            [
              -44.9673512334866,
              -23.0759847681651
            ],
            [
              -44.9665984634509,
              -23.0758598014676
            ],
            [
              -44.9664155547578,
              -23.0764556266528
            ],
            [
              -44.9659151555424,
              -23.0763790234434
            ],
            [
              -44.965775712106,
              -23.0771560320474
            ],
            [
              -44.9662654550562,
              -23.0768612418982
            ],
            [
              -44.9665721557594,
              -23.0766650174613
            ],
            [
              -44.9673512334866,
              -23.0759847681651
            ]
          ]
        ]
      },
      "properties": {
        "EXPEDIENTE DISPENSA": "175/2023-D",
        "ANO ENTRADA": 2023,
        "MUNICIPIO": "CUNHA",
        "PROPRIETARIO": "JOÃO DOS PASSOS DE CAMPOS E OUTROS",
        "LOCALIZAÇÃO/ENDEREÇO": "RUA GESUÍNO DE OLIVEIRA, S/N.°, BAIRRO DA MANTIQUEIRA",
        "Nº DE UNIDADES HABITACIONAIS": 10,
        "ÁREA TOTAL DA GLEBA/M²": "7387.93",
        "TIPOLOGIA DA CONSTRUÇÃO": null,
        "DATA DO CERTIFICADO": "2023-04-11T00:00:00",
        "SITUAÇÃO": "DISPENSADO"
      }
    },
    {
      "type": "Feature",
      "geometry": {
        "type": "Polygon",
        "coordinates": [
          [
            [
              -47.9735398953376,
              -23.0870535161896
            ],
            [
              -47.973854909841,
              -23.0872117940673
            ],
            [
              -47.9739395255226,
              -23.087106308453
            ],
            [
              -47.9757636784128,
              -23.0863781954387
            ],
            [
              -47.9756202534008,
              -23.0861161463135
            ],
            [
              -47.9750131912565,
              -23.0863487796049
            ],
            [
              -47.9747323836229,
              -23.0864278025774
            ],
            [
              -47.9742974255184,
              -23.0865801084336
            ],
            [
              -47.9739056223145,
              -23.0867181945656
            ],
            [
              -47.9736449091291,
              -23.0868873225905
            ],
            [
              -47.9735398953376,
              -23.0870535161896
            ]
          ]
        ]
      },
      "properties": {
        "EXPEDIENTE DISPENSA": "288/2023-D",
        "ANO ENTRADA": 2023,
        "MUNICIPIO": "PEREIRAS",
        "PROPRIETARIO": "BENI EMPREENDIMENTOS IMOBILIÁRIOS SPE LTDA",
        "LOCALIZAÇÃO/ENDEREÇO": "ESTRADA MUNICIPAL PEREIRAS - CESÁRIO LANGE, BAIRRO DO FÉLIX",
        "Nº DE UNIDADES HABITACIONAIS": 30,
        "ÁREA TOTAL DA GLEBA/M²": "6311.46",
        "TIPOLOGIA DA CONSTRUÇÃO": null,
        "DATA DO CERTIFICADO": "2023-08-08T00:00:00",
        "SITUAÇÃO": "DISPENSADO"
      }
    },
    {
      "type": "Feature",
      "geometry": {
        "type": "Polygon",
        "coordinates": [
          [
            [
              -47.0531484808461,
              -22.6415094410389
            ],
            [
              -47.052242522785,
              -22.6414176999093
            ],
            [
              -47.052185235385,
              -22.6418705644969
            ],
            [
              -47.0521922982286,
              -22.6419712346911
            ],
            [
              -47.0522236005684,
              -22.6420173387791
            ],
            [
              -47.0522853607212,
              -22.6420527184197
            ],
            [
              -47.052388633309,
              -22.6420720648021
            ],
            [
              -47.0527150331227,
              -22.6421221403413
            ],
            [
              -47.053071478608,
              -22.6421571577287
            ],
            [
              -47.0531484808461,
              -22.6415094410389
            ]
          ]
        ]
      },
      "properties": {
        "EXPEDIENTE DISPENSA": "455/2023-D",
        "ANO ENTRADA": 2023,
        "MUNICIPIO": "HOLAMBRA",
        "PROPRIETARIO": "EPRIZA EMPREENDIMENTOS IMOBILIÁRIOS E COMÉRCIO LTDA",
        "LOCALIZAÇÃO/ENDEREÇO": "RUA SOLIDAGOS, GLEBA 01-A, FAZENDA RIBEIRÃO",
        "Nº DE UNIDADES HABITACIONAIS": 9,
        "ÁREA TOTAL DA GLEBA/M²": "5977.27",
        "TIPOLOGIA DA CONSTRUÇÃO": null,
        "DATA DO CERTIFICADO": "2023-08-08T00:00:00",
        "SITUAÇÃO": "DISPENSADO"
      }
    },
    {
      "type": "Feature",
      "geometry": {
        "type": "Polygon",
        "coordinates": [
          [
            [
              -46.5335271712706,
              -22.6169047058617
            ],
            [
              -46.5341104318717,
              -22.6168684578609
            ],
            [
              -46.5345763042707,
              -22.6181624483738
            ],
            [
              -46.5341488999079,
              -22.6183505677439
            ],
            [
              -46.5337899566683,
              -22.6177610086693
            ],
            [
              -46.5336096926049,
              -22.6173946684339
            ],
            [
              -46.5335271712706,
              -22.6169047058617
            ]
          ]
        ]
      },
      "properties": {
        "EXPEDIENTE DISPENSA": "456/2023-D",
        "ANO ENTRADA": 2023,
        "MUNICIPIO": "SOCORRO",
        "PROPRIETARIO": "NJB EMPREENDIMENTOS LTDA EPP",
        "LOCALIZAÇÃO/ENDEREÇO": "RUA GREGORINA DE FARIA ALEXANDRONI, BAIRRO DA SANTA CRUZ",
        "Nº DE UNIDADES HABITACIONAIS": 15,
        "ÁREA TOTAL DA GLEBA/M²": "7955.32",
        "TIPOLOGIA DA CONSTRUÇÃO": null,
        "DATA DO CERTIFICADO": "2023-08-22T00:00:00",
        "SITUAÇÃO": "DISPENSADO"
      }
    },
    {
      "type": "Feature",
      "geometry": {
        "type": "Polygon",
        "coordinates": [
          [
            [
              -51.0206545185901,
              -20.1809813581707
            ],
            [
              -51.0206480715958,
              -20.1812995689725
            ],
            [
              -51.0204681890349,
              -20.1817297349048
            ],
            [
              -51.0200982993596,
              -20.181963268628
            ],
            [
              -51.0197031814265,
              -20.1821490866933
            ],
            [
              -51.0192751919878,
              -20.1823316166821
            ],
            [
              -51.0191106659569,
              -20.1820678599239
            ],
            [
              -51.0206545185901,
              -20.1809813581707
            ]
          ]
        ]
      },
      "properties": {
        "EXPEDIENTE DISPENSA": "513/2023-D",
        "ANO ENTRADA": 2023,
        "MUNICIPIO": "RUBINEIA",
        "PROPRIETARIO": "QUIYOSHI ORIKASA E OUTRA",
        "LOCALIZAÇÃO/ENDEREÇO": "RUA GUMERCINDO HERNANI MORAES, S/N°, LOTEAMENTO PRAIA ÁGUA DOCE",
        "Nº DE UNIDADES HABITACIONAIS": 20,
        "ÁREA TOTAL DA GLEBA/M²": "9332",
        "TIPOLOGIA DA CONSTRUÇÃO": null,
        "DATA DO CERTIFICADO": "2023-10-04T00:00:00",
        "SITUAÇÃO": "DISPENSADO"
      }
    },
    {
      "type": "Feature",
      "geometry": {
        "type": "Polygon",
        "coordinates": [
          [
            [
              -49.0635847710325,
              -20.5286588198767
            ],
            [
              -49.0599621121933,
              -20.5301579857845
            ],
            [
              -49.0598930427638,
              -20.5298332555378
            ],
            [
              -49.0631665859365,
              -20.5284407076302
            ],
            [
              -49.0632075380666,
              -20.5283257835103
            ],
            [
              -49.0630340334518,
              -20.5267550917314
            ],
            [
              -49.0633077094386,
              -20.526707228784
            ],
            [
              -49.0635847710325,
              -20.5286588198767
            ]
          ]
        ]
      },
      "properties": {
        "EXPEDIENTE DISPENSA": "639/2023-D",
        "ANO ENTRADA": 2023,
        "MUNICIPIO": "ALTAIR",
        "PROPRIETARIO": "MUNICÍPIO DE ALTAIR",
        "LOCALIZAÇÃO/ENDEREÇO": "RUA PREFEITO PAULO HUMBERTO DE FIGUEIREDO",
        "Nº DE UNIDADES HABITACIONAIS": 63,
        "ÁREA TOTAL DA GLEBA/M²": "16251.85",
        "TIPOLOGIA DA CONSTRUÇÃO": null,
        "DATA DO CERTIFICADO": "2023-11-07T00:00:00",
        "SITUAÇÃO": "DISPENSADO"
      }
    },
    {
      "type": "Feature",
      "geometry": {
        "type": "Polygon",
        "coordinates": [
          [
            [
              -48.118273109712,
              -22.2771833994092
            ],
            [
              -48.1188936835105,
              -22.2771410257382
            ],
            [
              -48.1188954395683,
              -22.2772201474472
            ],
            [
              -48.1186338048689,
              -22.2775174435334
            ],
            [
              -48.1186796046469,
              -22.278107184726
            ],
            [
              -48.1184248339366,
              -22.2781242600507
            ],
            [
              -48.118273109712,
              -22.2771833994092
            ]
          ]
        ]
      },
      "properties": {
        "EXPEDIENTE DISPENSA": "250/2023-D",
        "ANO ENTRADA": 2023,
        "MUNICIPIO": "BROTAS",
        "PROPRIETARIO": "ESPÓLIO DE IZALTINA BRAGA MARTINELLI E OUTRA",
        "LOCALIZAÇÃO/ENDEREÇO": "RUA OTÁVIO CAMILLO, S/N°, BAIRRO SANTA CECILIA",
        "Nº DE UNIDADES HABITACIONAIS": 8,
        "ÁREA TOTAL DA GLEBA/M²": "3669.45",
        "TIPOLOGIA DA CONSTRUÇÃO": null,
        "DATA DO CERTIFICADO": "2023-11-21T00:00:00",
        "SITUAÇÃO": "DISPENSADO"
      }
    },
    {
      "type": "Feature",
      "geometry": {
        "type": "Polygon",
        "coordinates": [
          [
            [
              -48.1188936835105,
              -22.2771410257382
            ],
            [
              -48.1188954395683,
              -22.2772201474472
            ],
            [
              -48.1188954395683,
              -22.2772201474472
            ],
            [
              -48.1186338048689,
              -22.2775174435334
            ],
            [
              -48.1186796046469,
              -22.278107184726
            ],
            [
              -48.1190121738433,
              -22.278058168847
            ],
            [
              -48.1189696148104,
              -22.2776144987349
            ],
            [
              -48.1190313622178,
              -22.2774489117901
            ],
            [
              -48.119318748421,
              -22.2771328533753
            ],
            [
              -48.1202222159454,
              -22.2759829483401
            ],
            [
              -48.119752514068,
              -22.2757484259147
            ],
            [
              -48.1195744643675,
              -22.2756848718883
            ],
            [
              -48.1194502159542,
              -22.2756872608963
            ],
            [
              -48.1192750032705,
              -22.2757515184813
            ],
            [
              -48.1190616346482,
              -22.2758652205008
            ],
            [
              -48.1188545349198,
              -22.2759666239925
            ],
            [
              -48.1186206019032,
              -22.2760380986298
            ],
            [
              -48.1179000702967,
              -22.2765877694207
            ],
            [
              -48.118273109712,
              -22.2771833994092
            ],
            [
              -48.1188936835105,
              -22.2771410257382
            ]
          ]
        ]
      },
      "properties": {
        "EXPEDIENTE DISPENSA": "453/2022-D",
        "ANO ENTRADA": 2022,
        "MUNICIPIO": "BROTAS",
        "PROPRIETARIO": "ESPÓLIO DE IZALTINA BRAGA MARTINELLI E OUTRA",
        "LOCALIZAÇÃO/ENDEREÇO": "AVENIDA GENTIL BAGNARIOL, S/N°, BAIRRO SANTA CECÍLIA",
        "Nº DE UNIDADES HABITACIONAIS": 30,
        "ÁREA TOTAL DA GLEBA/M²": "22337.65",
        "TIPOLOGIA DA CONSTRUÇÃO": null,
        "DATA DO CERTIFICADO": "2023-11-21T00:00:00",
        "SITUAÇÃO": "DISPENSADO"
      }
    },
    {
      "type": "Feature",
      "geometry": {
        "type": "Polygon",
        "coordinates": [
          [
            [
              -46.5404130274079,
              -23.6044773324656
            ],
            [
              -46.5379338375762,
              -23.6048412221276
            ],
            [
              -46.5380681820201,
              -23.6076265526021
            ],
            [
              -46.5405804189028,
              -23.6060639229271
            ],
            [
              -46.5404130274079,
              -23.6044773324656
            ]
          ]
        ]
      },
      "properties": {
        "EXPEDIENTE DISPENSA": "689/2023-D",
        "ANO ENTRADA": 2023,
        "MUNICIPIO": "SAO PAULO",
        "PROPRIETARIO": "TENDA NEGÓCIOS IMOBILIÁRIOS S/A",
        "LOCALIZAÇÃO/ENDEREÇO": "RUA SERRA REDONDA, N.° 13, BAIRRO JARDIM GUAIRACA",
        "Nº DE UNIDADES HABITACIONAIS": 3,
        "ÁREA TOTAL DA GLEBA/M²": "63102.2",
        "TIPOLOGIA DA CONSTRUÇÃO": null,
        "DATA DO CERTIFICADO": "2023-11-29T00:00:00",
        "SITUAÇÃO": "DISPENSADO"
      }
    },
    {
      "type": "Feature",
      "geometry": {
        "type": "Polygon",
        "coordinates": [
          [
            [
              -50.3917095346491,
              -20.2883959439272
            ],
            [
              -50.3905593405598,
              -20.288778540848
            ],
            [
              -50.390721045381,
              -20.2877195824073
            ],
            [
              -50.3917880925684,
              -20.2878244639083
            ],
            [
              -50.3917095346491,
              -20.2883959439272
            ]
          ]
        ]
      },
      "properties": {
        "EXPEDIENTE DISPENSA": "677/2023-D",
        "ANO ENTRADA": 2023,
        "MUNICIPIO": "ESTRELA D'OESTE",
        "PROPRIETARIO": "LUIZ SEBASTIÃO RUIZ E FÁTIMA DA SILVA RUIZ",
        "LOCALIZAÇÃO/ENDEREÇO": "RUA MINAS GERAIS, ESQUINA COM A RUA JUNDIAÍ",
        "Nº DE UNIDADES HABITACIONAIS": 11,
        "ÁREA TOTAL DA GLEBA/M²": "10564.57",
        "TIPOLOGIA DA CONSTRUÇÃO": null,
        "DATA DO CERTIFICADO": "2023-11-29T00:00:00",
        "SITUAÇÃO": "DISPENSADO"
      }
    },
    {
      "type": "Feature",
      "geometry": {
        "type": "Polygon",
        "coordinates": [
          [
            [
              -47.592468818502,
              -22.8295918590244
            ],
            [
              -47.5931059605948,
              -22.8299467052773
            ],
            [
              -47.5915813655287,
              -22.8326620080353
            ],
            [
              -47.5908259291511,
              -22.8323029946893
            ],
            [
              -47.592468818502,
              -22.8295918590244
            ]
          ]
        ]
      },
      "properties": {
        "EXPEDIENTE DISPENSA": "770/2025-D",
        "ANO ENTRADA": 2025,
        "MUNICIPIO": "RIO DAS PEDRAS",
        "PROPRIETARIO": "EMPREENDIMENTOS IMOBILIÁRIOS LETHI S/C LTDA.",
        "LOCALIZAÇÃO/ENDEREÇO": "RUA ARISTEU MACEDO DE SOUZA, BAIRRO BOM JARDIM",
        "Nº DE UNIDADES HABITACIONAIS": 17,
        "ÁREA TOTAL DA GLEBA/M²": "33330",
        "TIPOLOGIA DA CONSTRUÇÃO": null,
        "DATA DO CERTIFICADO": "2025-11-04T00:00:00",
        "SITUAÇÃO": "DISPENSADO"
      }
    },
    {
      "type": "Feature",
      "geometry": {
        "type": "Polygon",
        "coordinates": [
          [
            [
              -46.7412723608697,
              -23.685236373075
            ],
            [
              -46.7404836507189,
              -23.6854999046235
            ],
            [
              -46.7403671437675,
              -23.6855319821668
            ],
            [
              -46.7402748721727,
              -23.685292004553
            ],
            [
              -46.7400920326368,
              -23.6853607232946
            ],
            [
              -46.7394346031009,
              -23.6840707327531
            ],
            [
              -46.7398114138667,
              -23.6839331716494
            ],
            [
              -46.7394749415447,
              -23.6829730256796
            ],
            [
              -46.7411313731489,
              -23.6828081563538
            ],
            [
              -46.741580007564,
              -23.6831086141304
            ],
            [
              -46.7413885282324,
              -23.6833057698774
            ],
            [
              -46.7409609389767,
              -23.6832618277596
            ],
            [
              -46.7407778507025,
              -23.6835596395624
            ],
            [
              -46.7407951090894,
              -23.6837966981358
            ],
            [
              -46.7412723608697,
              -23.685236373075
            ]
          ]
        ]
      },
      "properties": {
        "EXPEDIENTE DISPENSA": "700/2023-D",
        "ANO ENTRADA": 2023,
        "MUNICIPIO": "SAO PAULO",
        "PROPRIETARIO": "TENDA NEGÓCIOS IMOBILIÁRIOS S.A",
        "LOCALIZAÇÃO/ENDEREÇO": "AVENIDA GUARAPIRANGA, N.° 4.250/2.400, GUARAPIRANGA",
        "Nº DE UNIDADES HABITACIONAIS": 3,
        "ÁREA TOTAL DA GLEBA/M²": "37058.04",
        "TIPOLOGIA DA CONSTRUÇÃO": null,
        "DATA DO CERTIFICADO": "2023-12-05T00:00:00",
        "SITUAÇÃO": "DISPENSADO"
      }
    },
    {
      "type": "Feature",
      "geometry": {
        "type": "Polygon",
        "coordinates": [
          [
            [
              -47.2438529499311,
              -22.3760535542227
            ],
            [
              -47.243304626958,
              -22.3755658659615
            ],
            [
              -47.2431094529986,
              -22.375786649975
            ],
            [
              -47.2436578355569,
              -22.3762780342722
            ],
            [
              -47.2438529499311,
              -22.3760535542227
            ]
          ]
        ]
      },
      "properties": {
        "EXPEDIENTE DISPENSA": "579/2023-D",
        "ANO ENTRADA": 2023,
        "MUNICIPIO": "ARARAS",
        "PROPRIETARIO": "LUÍS SIDNEI REMÉDIO E RAQUEL SALOMÃO REMÉDIO",
        "LOCALIZAÇÃO/ENDEREÇO": "ESTRADA MUNICIPAL SEM DENOMINAÇÃO, BAIRRO MORRO GRANDE",
        "Nº DE UNIDADES HABITACIONAIS": 8,
        "ÁREA TOTAL DA GLEBA/M²": "2401",
        "TIPOLOGIA DA CONSTRUÇÃO": null,
        "DATA DO CERTIFICADO": "2023-12-05T00:00:00",
        "SITUAÇÃO": "DISPENSADO"
      }
    },
    {
      "type": "Feature",
      "geometry": {
        "type": "Polygon",
        "coordinates": [
          [
            [
              -47.8302021390342,
              -20.4360782640903
            ],
            [
              -47.8291511232465,
              -20.4364684458948
            ],
            [
              -47.8293047202439,
              -20.4382399996584
            ],
            [
              -47.8308349680331,
              -20.4377734910706
            ],
            [
              -47.8302021390342,
              -20.4360782640903
            ]
          ]
        ]
      },
      "properties": {
        "EXPEDIENTE DISPENSA": "704/2023-D",
        "ANO ENTRADA": 2023,
        "MUNICIPIO": "GUARA",
        "PROPRIETARIO": "ALTA MOGIANA IMÓVEIS LTDA",
        "LOCALIZAÇÃO/ENDEREÇO": "RUA CONDE FRANCISCO MATARAZZO, LADO ÍMPAR",
        "Nº DE UNIDADES HABITACIONAIS": 31,
        "ÁREA TOTAL DA GLEBA/M²": "27895.93",
        "TIPOLOGIA DA CONSTRUÇÃO": null,
        "DATA DO CERTIFICADO": "2023-12-12T00:00:00",
        "SITUAÇÃO": "DISPENSADO"
      }
    },
    {
      "type": "Feature",
      "geometry": {
        "type": "Polygon",
        "coordinates": [
          [
            [
              -49.4537280115954,
              -20.8170068165256
            ],
            [
              -49.4531862890454,
              -20.8161016383021
            ],
            [
              -49.4557019881905,
              -20.8159607567023
            ],
            [
              -49.455449404609,
              -20.8163907213871
            ],
            [
              -49.4541318817416,
              -20.8164772182963
            ],
            [
              -49.4537280115954,
              -20.8170068165256
            ]
          ]
        ]
      },
      "properties": {
        "EXPEDIENTE DISPENSA": "692/2023-D",
        "ANO ENTRADA": 2023,
        "MUNICIPIO": "MIRASSOL",
        "PROPRIETARIO": "SETPAR EMPREENDIMENTO IMOBILIÁRIO LUZIA POLOTTO SPE LTDA",
        "LOCALIZAÇÃO/ENDEREÇO": "RUA PROJETADA, N° 22, LOTEAMENTO GOLDEN PARK RESIDENCE II",
        "Nº DE UNIDADES HABITACIONAIS": 11,
        "ÁREA TOTAL DA GLEBA/M²": "8711.42",
        "TIPOLOGIA DA CONSTRUÇÃO": null,
        "DATA DO CERTIFICADO": "2024-01-24T00:00:00",
        "SITUAÇÃO": "DISPENSADO"
      }
    },
    {
      "type": "Feature",
      "geometry": {
        "type": "Polygon",
        "coordinates": [
          [
            [
              -49.5723837459051,
              -20.8764512753516
            ],
            [
              -49.5729350143686,
              -20.876445005064
            ],
            [
              -49.5731200719976,
              -20.8762871103068
            ],
            [
              -49.5736723693591,
              -20.8763147961831
            ],
            [
              -49.5745300563802,
              -20.8763508906368
            ],
            [
              -49.5750444658073,
              -20.8763422982421
            ],
            [
              -49.5753031135213,
              -20.876385562586
            ],
            [
              -49.5751321424496,
              -20.8774716520709
            ],
            [
              -49.575385525617,
              -20.8775013671207
            ],
            [
              -49.5753200867779,
              -20.8777449771069
            ],
            [
              -49.5740164422349,
              -20.8775061153916
            ],
            [
              -49.573884750425,
              -20.8776465439722
            ],
            [
              -49.5738146062138,
              -20.8777351267212
            ],
            [
              -49.5737622080857,
              -20.8777684740194
            ],
            [
              -49.5725734779552,
              -20.8774763250339
            ],
            [
              -49.5722066219991,
              -20.8774671055244
            ],
            [
              -49.5722185095166,
              -20.8772628706263
            ],
            [
              -49.5722544068466,
              -20.8769560343836
            ],
            [
              -49.5723837459051,
              -20.8764512753516
            ]
          ]
        ]
      },
      "properties": {
        "EXPEDIENTE DISPENSA": "446/2023-D",
        "ANO ENTRADA": 2023,
        "MUNICIPIO": "JACI",
        "PROPRIETARIO": "FARES INCORPORADORA LTDA",
        "LOCALIZAÇÃO/ENDEREÇO": "AVENIDA JAIME GORGATTO, S/N°, E RUA ANIBAL REGACINE, S/N°",
        "Nº DE UNIDADES HABITACIONAIS": 11,
        "ÁREA TOTAL DA GLEBA/M²": "40002.42",
        "TIPOLOGIA DA CONSTRUÇÃO": null,
        "DATA DO CERTIFICADO": "2024-01-24T00:00:00",
        "SITUAÇÃO": "DISPENSADO"
      }
    },
    {
      "type": "Feature",
      "geometry": {
        "type": "Polygon",
        "coordinates": [
          [
            [
              -49.4701383948427,
              -20.8265873911196
            ],
            [
              -49.4710622197906,
              -20.8265918757023
            ],
            [
              -49.4711850591984,
              -20.8266268372154
            ],
            [
              -49.4712884593998,
              -20.8266909360424
            ],
            [
              -49.4713724204448,
              -20.8267841722118
            ],
            [
              -49.471456381597,
              -20.8268774083204
            ],
            [
              -49.4715885178552,
              -20.8268834971957
            ],
            [
              -49.4715885178552,
              -20.8268834971957
            ],
            [
              -49.4714291175964,
              -20.8290444024259
            ],
            [
              -49.4713079682951,
              -20.829066655767
            ],
            [
              -49.4712397891309,
              -20.8291638690247
            ],
            [
              -49.4712437376095,
              -20.8292973690796
            ],
            [
              -49.4713175576083,
              -20.8293908701544
            ],
            [
              -49.4712023967799,
              -20.8316746794719
            ],
            [
              -49.4695784012403,
              -20.8320225094457
            ],
            [
              -49.4701383948427,
              -20.8265873911196
            ]
          ]
        ]
      },
      "properties": {
        "EXPEDIENTE DISPENSA": "436/2024-D",
        "ANO ENTRADA": 2024,
        "MUNICIPIO": "MIRASSOL",
        "PROPRIETARIO": "VICENTE LARA CARRERA E OCREDES ROCHA CARRERA",
        "LOCALIZAÇÃO/ENDEREÇO": "ESTRADA MUNICIPAL ANTÔNIO NAVARRETE BARROSO",
        "Nº DE UNIDADES HABITACIONAIS": 2,
        "ÁREA TOTAL DA GLEBA/M²": "87693.8",
        "TIPOLOGIA DA CONSTRUÇÃO": null,
        "DATA DO CERTIFICADO": "2024-08-27T00:00:00",
        "SITUAÇÃO": "DISPENSADO"
      }
    },
    {
      "type": "Feature",
      "geometry": {
        "type": "Polygon",
        "coordinates": [
          [
            [
              -48.1126436026466,
              -22.2666911661285
            ],
            [
              -48.1117766278642,
              -22.2671077013546
            ],
            [
              -48.1119714135517,
              -22.2675161003516
            ],
            [
              -48.1128639685987,
              -22.2671532094693
            ],
            [
              -48.1126436026466,
              -22.2666911661285
            ]
          ]
        ]
      },
      "properties": {
        "EXPEDIENTE DISPENSA": "638/2023-D",
        "ANO ENTRADA": 2023,
        "MUNICIPIO": "BROTAS",
        "PROPRIETARIO": "DORIVAL ZANZIROLIMO",
        "LOCALIZAÇÃO/ENDEREÇO": "AV. ÂNGELO TREVISAN, LOTE 11, QUADRA F, LOTEAMENTO CAMPOS ELÍSEOS II",
        "Nº DE UNIDADES HABITACIONAIS": 2,
        "ÁREA TOTAL DA GLEBA/M²": "5258.22",
        "TIPOLOGIA DA CONSTRUÇÃO": null,
        "DATA DO CERTIFICADO": "2024-03-12T00:00:00",
        "SITUAÇÃO": "DISPENSADO"
      }
    },
    {
      "type": "Feature",
      "geometry": {
        "type": "Polygon",
        "coordinates": [
          [
            [
              -47.8180743861299,
              -21.2145580472204
            ],
            [
              -47.8174582145194,
              -21.2141763921999
            ],
            [
              -47.8167550518837,
              -21.2143768474079
            ],
            [
              -47.8161043008294,
              -21.2146199746086
            ],
            [
              -47.8161328762395,
              -21.2158534015991
            ],
            [
              -47.8152396720685,
              -21.2158295979143
            ],
            [
              -47.8151678162763,
              -21.2158501523044
            ],
            [
              -47.8151856795078,
              -21.2159756641145
            ],
            [
              -47.8152119147496,
              -21.2162703956674
            ],
            [
              -47.8152752892805,
              -21.2163467595933
            ],
            [
              -47.8154970259843,
              -21.2163382204257
            ],
            [
              -47.8161243792667,
              -21.2162212951712
            ],
            [
              -47.8166318850774,
              -21.2160434637031
            ],
            [
              -47.8170399947679,
              -21.2157947079667
            ],
            [
              -47.8175723863591,
              -21.2152970952928
            ],
            [
              -47.8179352711363,
              -21.2148410231202
            ],
            [
              -47.8180755807086,
              -21.2146209321004
            ],
            [
              -47.8180743861299,
              -21.2145580472204
            ]
          ]
        ]
      },
      "properties": {
        "EXPEDIENTE DISPENSA": "151/2024-D",
        "ANO ENTRADA": 2024,
        "MUNICIPIO": "RIBEIRAO PRETO",
        "PROPRIETARIO": "RIBEIRÃO RESIDENCIAL EMPREENDIMENTO IMOBILIÁRIO LTDA",
        "LOCALIZAÇÃO/ENDEREÇO": "RUA JOAQUIM SIMÕES GOMES, ESQUINA COM AV. PRESIDENTE VARGAS, NOVA ALIANÇA",
        "Nº DE UNIDADES HABITACIONAIS": 6,
        "ÁREA TOTAL DA GLEBA/M²": "31839.26",
        "TIPOLOGIA DA CONSTRUÇÃO": null,
        "DATA DO CERTIFICADO": "2024-04-09T00:00:00",
        "SITUAÇÃO": "DISPENSADO"
      }
    },
    {
      "type": "Feature",
      "geometry": {
        "type": "Polygon",
        "coordinates": [
          [
            [
              -46.7029299863887,
              -23.5128384078367
            ],
            [
              -46.7022029227353,
              -23.512610673739
            ],
            [
              -46.701801964825,
              -23.5123466379061
            ],
            [
              -46.7014861885049,
              -23.5120816700784
            ],
            [
              -46.7011494548865,
              -23.5118431177613
            ],
            [
              -46.7010487327874,
              -23.5117394692913
            ],
            [
              -46.7008922334142,
              -23.5117149918078
            ],
            [
              -46.7008506525606,
              -23.511794007766
            ],
            [
              -46.7007341989716,
              -23.5132290311136
            ],
            [
              -46.7015655527955,
              -23.5132854152516
            ],
            [
              -46.7015452671381,
              -23.5133641986403
            ],
            [
              -46.7017726684617,
              -23.5133813535643
            ],
            [
              -46.7017736781429,
              -23.5134599042012
            ],
            [
              -46.7026732394742,
              -23.513299492217
            ],
            [
              -46.7027312052616,
              -23.5133905135194
            ],
            [
              -46.7030840201497,
              -23.5132229843421
            ],
            [
              -46.7029299863887,
              -23.5128384078367
            ]
          ]
        ]
      },
      "properties": {
        "EXPEDIENTE DISPENSA": "155/2024-D",
        "ANO ENTRADA": 2024,
        "MUNICIPIO": "SAO PAULO",
        "PROPRIETARIO": "FUNDAÇÃO DE ROTARIANOS DE SÃO PAULO",
        "LOCALIZAÇÃO/ENDEREÇO": "RUA CAPITÃO JOSÉ INÁCIO DO ROSÁRIO X AV. JOSÉ MARIA DE FARIA X RUA ENGENHEIRO AUBERTIN, ÁGUA BRANCA",
        "Nº DE UNIDADES HABITACIONAIS": 4,
        "ÁREA TOTAL DA GLEBA/M²": "22902.36",
        "TIPOLOGIA DA CONSTRUÇÃO": null,
        "DATA DO CERTIFICADO": "2024-04-09T00:00:00",
        "SITUAÇÃO": "DISPENSADO"
      }
    },
    {
      "type": "Feature",
      "geometry": {
        "type": "Polygon",
        "coordinates": [
          [
            [
              -50.9170902064817,
              -20.199920503972
            ],
            [
              -50.917123613778,
              -20.2002173891271
            ],
            [
              -50.918950060862,
              -20.2004798226419
            ],
            [
              -50.9190162349283,
              -20.2004723577342
            ],
            [
              -50.9190585027707,
              -20.2004186461168
            ],
            [
              -50.9190616575308,
              -20.2003557998886
            ],
            [
              -50.9190426882957,
              -20.2002937014299
            ],
            [
              -50.9190136337048,
              -20.2001116929306
            ],
            [
              -50.9170902064817,
              -20.199920503972
            ]
          ]
        ]
      },
      "properties": {
        "EXPEDIENTE DISPENSA": "132/2024-D",
        "ANO ENTRADA": 2024,
        "MUNICIPIO": "SANTA FE DO SUL",
        "PROPRIETARIO": "ESTÂNCIA EMPREENDIMENTOS IMOBILIÁRIOS SANTA FÉ DO SUL LTDA",
        "LOCALIZAÇÃO/ENDEREÇO": "RUA OTÍLIO AMORIM TEIXEIRA",
        "Nº DE UNIDADES HABITACIONAIS": 16,
        "ÁREA TOTAL DA GLEBA/M²": "5946.97",
        "TIPOLOGIA DA CONSTRUÇÃO": null,
        "DATA DO CERTIFICADO": "2024-04-09T00:00:00",
        "SITUAÇÃO": "DISPENSADO"
      }
    },
    {
      "type": "Feature",
      "geometry": {
        "type": "Polygon",
        "coordinates": [
          [
            [
              -46.4571743673368,
              -23.572598436667
            ],
            [
              -46.458412136364,
              -23.5725154659963
            ],
            [
              -46.4584382185681,
              -23.5718729868878
            ],
            [
              -46.4588195218084,
              -23.5713495040205
            ],
            [
              -46.4590153073144,
              -23.5710520343872
            ],
            [
              -46.4590901255373,
              -23.5708168654679
            ],
            [
              -46.4566014975002,
              -23.5717984654144
            ],
            [
              -46.4564349455889,
              -23.5717388611881
            ],
            [
              -46.4563708433374,
              -23.5719433459814
            ],
            [
              -46.4557766063746,
              -23.5722139630307
            ],
            [
              -46.4571588089483,
              -23.5721908145773
            ],
            [
              -46.4571743673368,
              -23.572598436667
            ]
          ]
        ]
      },
      "properties": {
        "EXPEDIENTE DISPENSA": "169/2024-D",
        "ANO ENTRADA": 2024,
        "MUNICIPIO": "SAO PAULO",
        "PROPRIETARIO": "MRV XC INCORPORAÇÕES LTDA.",
        "LOCALIZAÇÃO/ENDEREÇO": "RUA JOHN SPEERS, N.° 806, VILA CARMOSINA",
        "Nº DE UNIDADES HABITACIONAIS": 2,
        "ÁREA TOTAL DA GLEBA/M²": "26923.02",
        "TIPOLOGIA DA CONSTRUÇÃO": null,
        "DATA DO CERTIFICADO": "2024-04-16T00:00:00",
        "SITUAÇÃO": "DISPENSADO"
      }
    },
    {
      "type": "Feature",
      "geometry": {
        "type": "Polygon",
        "coordinates": [
          [
            [
              -50.7091005052842,
              -22.2474832924058
            ],
            [
              -50.7093075111973,
              -22.2463967835543
            ],
            [
              -50.7090154079933,
              -22.2437270260047
            ],
            [
              -50.7082998637848,
              -22.2434734369937
            ],
            [
              -50.7071612047528,
              -22.247308792267
            ],
            [
              -50.7079799681363,
              -22.2474867991573
            ],
            [
              -50.7080662174075,
              -22.2472319434687
            ],
            [
              -50.7091005052842,
              -22.2474832924058
            ]
          ]
        ]
      },
      "properties": {
        "EXPEDIENTE DISPENSA": "156/2024-D",
        "ANO ENTRADA": 2024,
        "MUNICIPIO": "QUATA",
        "PROPRIETARIO": "G & Z EMPREENDIMENTO IMOBILIÁRIO SPE LTDA",
        "LOCALIZAÇÃO/ENDEREÇO": "RUA ARNALDO PEREIRA DOS SANTOS, ESQUINA COM A RUA MARIA MADALENA CASADEI",
        "Nº DE UNIDADES HABITACIONAIS": 32,
        "ÁREA TOTAL DA GLEBA/M²": "65111.98",
        "TIPOLOGIA DA CONSTRUÇÃO": null,
        "DATA DO CERTIFICADO": "2024-04-24T00:00:00",
        "SITUAÇÃO": "DISPENSADO"
      }
    },
    {
      "type": "Feature",
      "geometry": {
        "type": "Polygon",
        "coordinates": [
          [
            [
              -46.4384322733062,
              -23.5653463020718
            ],
            [
              -46.4394023278105,
              -23.5662924695309
            ],
            [
              -46.438753777766,
              -23.5667917060126
            ],
            [
              -46.4377230834176,
              -23.5657364882936
            ],
            [
              -46.4384322733062,
              -23.5653463020718
            ]
          ]
        ]
      },
      "properties": {
        "EXPEDIENTE DISPENSA": "160/2024-D",
        "ANO ENTRADA": 2024,
        "MUNICIPIO": "SAO PAULO",
        "PROPRIETARIO": "TENDA NEGÓCIOS IMOBILIARIOS S/A",
        "LOCALIZAÇÃO/ENDEREÇO": "RUA IONEJI MATSUBAYASHI, N° 1.034 - COLÔNIA VILA CARMOSINA",
        "Nº DE UNIDADES HABITACIONAIS": 2,
        "ÁREA TOTAL DA GLEBA/M²": "22892.41",
        "TIPOLOGIA DA CONSTRUÇÃO": null,
        "DATA DO CERTIFICADO": "2024-04-24T00:00:00",
        "SITUAÇÃO": "DISPENSADO"
      }
    },
    {
      "type": "Feature",
      "geometry": {
        "type": "Polygon",
        "coordinates": [
          [
            [
              -49.715950110534,
              -22.0825826632243
            ],
            [
              -49.7156363761006,
              -22.0826109280686
            ],
            [
              -49.7156088322909,
              -22.0823333759311
            ],
            [
              -49.7159182061782,
              -22.0823116360806
            ],
            [
              -49.715950110534,
              -22.0825826632243
            ]
          ]
        ]
      },
      "properties": {
        "EXPEDIENTE DISPENSA": "28/2024-D",
        "ANO ENTRADA": 2024,
        "MUNICIPIO": "ALVARO DE CARVALHO",
        "PROPRIETARIO": "RICARDO COTAIT",
        "LOCALIZAÇÃO/ENDEREÇO": "RUA HIDA BORELA DE CASTILHO, CENTRO",
        "Nº DE UNIDADES HABITACIONAIS": 3,
        "ÁREA TOTAL DA GLEBA/M²": "990",
        "TIPOLOGIA DA CONSTRUÇÃO": null,
        "DATA DO CERTIFICADO": "2024-04-30T00:00:00",
        "SITUAÇÃO": "DISPENSADO"
      }
    },
    {
      "type": "Feature",
      "geometry": {
        "type": "Polygon",
        "coordinates": [
          [
            [
              -50.8981301708883,
              -20.2280875111845
            ],
            [
              -50.8978346436064,
              -20.2277860432259
            ],
            [
              -50.8966080798556,
              -20.2287962935082
            ],
            [
              -50.8968866084342,
              -20.2291329403186
            ],
            [
              -50.8981301708883,
              -20.2280875111845
            ]
          ]
        ]
      },
      "properties": {
        "EXPEDIENTE DISPENSA": "219/2024-D",
        "ANO ENTRADA": 2024,
        "MUNICIPIO": "TRES FRONTEIRAS",
        "PROPRIETARIO": "DANIEL ANTÔNIO GIROTTO E NADIR DE ALBUQUERQUE GIROTTO",
        "LOCALIZAÇÃO/ENDEREÇO": "RUA LUIZ SORATO, S/N.°, CÓRREGO DO MARRUCO",
        "Nº DE UNIDADES HABITACIONAIS": 16,
        "ÁREA TOTAL DA GLEBA/M²": "3991.5",
        "TIPOLOGIA DA CONSTRUÇÃO": null,
        "DATA DO CERTIFICADO": "2024-05-14T00:00:00",
        "SITUAÇÃO": "DISPENSADO"
      }
    },
    {
      "type": "Feature",
      "geometry": {
        "type": "Polygon",
        "coordinates": [
          [
            [
              -50.8968866084342,
              -20.2291329403186
            ],
            [
              -50.8966080798556,
              -20.2287962935082
            ],
            [
              -50.8947453178184,
              -20.230433544226
            ],
            [
              -50.8950790958885,
              -20.2307769831397
            ],
            [
              -50.8968866084342,
              -20.2291329403186
            ]
          ]
        ]
      },
      "properties": {
        "EXPEDIENTE DISPENSA": "218/2024-D",
        "ANO ENTRADA": 2024,
        "MUNICIPIO": "TRES FRONTEIRAS",
        "PROPRIETARIO": "MARIA DE FÁTIMA GIROTTO",
        "LOCALIZAÇÃO/ENDEREÇO": "RUA LUIS SORATO, S/N.°, CÓRREGO DO MARRUCO",
        "Nº DE UNIDADES HABITACIONAIS": 24,
        "ÁREA TOTAL DA GLEBA/M²": "6175.1",
        "TIPOLOGIA DA CONSTRUÇÃO": null,
        "DATA DO CERTIFICADO": "2024-05-14T00:00:00",
        "SITUAÇÃO": "DISPENSADO"
      }
    },
    {
      "type": "Feature",
      "geometry": {
        "type": "Polygon",
        "coordinates": [
          [
            [
              -50.8947453178184,
              -20.230433544226
            ],
            [
              -50.8929070361946,
              -20.2319920998881
            ],
            [
              -50.8933160063811,
              -20.2323849145882
            ],
            [
              -50.8950790958885,
              -20.2307769831397
            ],
            [
              -50.8947453178184,
              -20.230433544226
            ]
          ]
        ]
      },
      "properties": {
        "EXPEDIENTE DISPENSA": "217/2024-D",
        "ANO ENTRADA": 2024,
        "MUNICIPIO": "TRES FRONTEIRAS",
        "PROPRIETARIO": "LUIS ATÍLIO GIROTTO",
        "LOCALIZAÇÃO/ENDEREÇO": "RUA LUIZ SORATO, S/N°, CÓRREGO DO MARRUCO",
        "Nº DE UNIDADES HABITACIONAIS": 24,
        "ÁREA TOTAL DA GLEBA/M²": "6175",
        "TIPOLOGIA DA CONSTRUÇÃO": null,
        "DATA DO CERTIFICADO": "2024-05-14T00:00:00",
        "SITUAÇÃO": "DISPENSADO"
      }
    },
    {
      "type": "Feature",
      "geometry": {
        "type": "Polygon",
        "coordinates": [
          [
            [
              -50.8929070361946,
              -20.2319920998881
            ],
            [
              -50.8919318117523,
              -20.2328640977376
            ],
            [
              -50.8909895983206,
              -20.2336398198082
            ],
            [
              -50.8914672216796,
              -20.2341514399921
            ],
            [
              -50.8933160063811,
              -20.2323849145882
            ],
            [
              -50.8929070361946,
              -20.2319920998881
            ]
          ]
        ]
      },
      "properties": {
        "EXPEDIENTE DISPENSA": "216/2024-D",
        "ANO ENTRADA": 2024,
        "MUNICIPIO": "TRES FRONTEIRAS",
        "PROPRIETARIO": "LUZIA APARECIDA GIROTTO DE OLIVEIRA",
        "LOCALIZAÇÃO/ENDEREÇO": "RUA LUIZ SORATO, S/N°, CÓRREGO DO MARRUCO",
        "Nº DE UNIDADES HABITACIONAIS": 24,
        "ÁREA TOTAL DA GLEBA/M²": "6175",
        "TIPOLOGIA DA CONSTRUÇÃO": null,
        "DATA DO CERTIFICADO": "2024-05-14T00:00:00",
        "SITUAÇÃO": "DISPENSADO"
      }
    },
    {
      "type": "Feature",
      "geometry": {
        "type": "Polygon",
        "coordinates": [
          [
            [
              -46.7342717595049,
              -23.4998306513361
            ],
            [
              -46.7327605952459,
              -23.4998041981313
            ],
            [
              -46.7319012490021,
              -23.5008263267431
            ],
            [
              -46.7309142604399,
              -23.5014171471361
            ],
            [
              -46.731059866654,
              -23.5025059897911
            ],
            [
              -46.7319640014592,
              -23.5020372518871
            ],
            [
              -46.7320666461034,
              -23.5019928381315
            ],
            [
              -46.7323761639284,
              -23.5019807411293
            ],
            [
              -46.7324529235526,
              -23.5021097040025
            ],
            [
              -46.7325198478496,
              -23.5022041584518
            ],
            [
              -46.7325680066901,
              -23.502298821627
            ],
            [
              -46.7325975132187,
              -23.5024023467353
            ],
            [
              -46.7325988714232,
              -23.5025061849852
            ],
            [
              -46.7326003428201,
              -23.502618676421
            ],
            [
              -46.7326578846942,
              -23.5027132351672
            ],
            [
              -46.7327061570336,
              -23.5028165514636
            ],
            [
              -46.7327731950937,
              -23.5029196589502
            ],
            [
              -46.7328401200592,
              -23.5030141132148
            ],
            [
              -46.7328882794567,
              -23.5031087762505
            ],
            [
              -46.7329458217664,
              -23.5032033348599
            ],
            [
              -46.7330498255199,
              -23.5032627586443
            ],
            [
              -46.7331718024776,
              -23.5032614012252
            ],
            [
              -46.7332842833514,
              -23.5032514949549
            ],
            [
              -46.7333110730631,
              -23.5031473434699
            ],
            [
              -46.7333096010256,
              -23.5030348520843
            ],
            [
              -46.7333270078667,
              -23.5029308050247
            ],
            [
              -46.7333255358309,
              -23.5028183136369
            ],
            [
              -46.7333335598398,
              -23.5027143710034
            ],
            [
              -46.7333603494328,
              -23.5026102195119
            ],
            [
              -46.7333588773912,
              -23.5024977281214
            ],
            [
              -46.7333199874705,
              -23.5023943076211
            ],
            [
              -46.7332472880838,
              -23.5018585411268
            ],
            [
              -46.7332059076486,
              -23.5015647504915
            ],
            [
              -46.7332481792169,
              -23.5012094477941
            ],
            [
              -46.7342717595049,
              -23.4998306513361
            ]
          ]
        ]
      },
      "properties": {
        "EXPEDIENTE DISPENSA": "298/2024-D",
        "ANO ENTRADA": 2024,
        "MUNICIPIO": "SAO PAULO",
        "PROPRIETARIO": "CCISA84 INCORPORADORA LTDA.",
        "LOCALIZAÇÃO/ENDEREÇO": "AV. DO ANASTÁCIO X RUA EMIR NOGUEIRA X RUA DES. OLAVO LIMA GUIMARÃES X RUA BERNARDINO DE QUEIROZ GUIMARÃES X RUA DR. LUIZ DELFINO DE AMORIM LIMA, CITY AMÉRICA, PIRITUBA, SÃO PAULO - SP",
        "Nº DE UNIDADES HABITACIONAIS": 1,
        "ÁREA TOTAL DA GLEBA/M²": "54200.62",
        "TIPOLOGIA DA CONSTRUÇÃO": null,
        "DATA DO CERTIFICADO": "2024-06-25T00:00:00",
        "SITUAÇÃO": "DISPENSADO"
      }
    },
    {
      "type": "Feature",
      "geometry": {
        "type": "Polygon",
        "coordinates": [
          [
            [
              -50.2227950329452,
              -20.9626529169902
            ],
            [
              -50.2213834611394,
              -20.9649937695476
            ],
            [
              -50.2216291046307,
              -20.9653164900215
            ],
            [
              -50.2231775421636,
              -20.9628086919111
            ],
            [
              -50.2227950329452,
              -20.9626529169902
            ]
          ]
        ]
      },
      "properties": {
        "EXPEDIENTE DISPENSA": "327/2024-D",
        "ANO ENTRADA": 2024,
        "MUNICIPIO": "LOURDES",
        "PROPRIETARIO": "KB - RETA EMPREENDIMENTOS IMOBILIÁRIOS LTDA.",
        "LOCALIZAÇÃO/ENDEREÇO": "RUA ANÉZIO ANTONIO DE OLIVEIRA - LADO ÍMPAR",
        "Nº DE UNIDADES HABITACIONAIS": 33,
        "ÁREA TOTAL DA GLEBA/M²": "10223.049999999999",
        "TIPOLOGIA DA CONSTRUÇÃO": null,
        "DATA DO CERTIFICADO": "2024-07-16T00:00:00",
        "SITUAÇÃO": "DISPENSADO"
      }
    },
    {
      "type": "Feature",
      "geometry": {
        "type": "Polygon",
        "coordinates": [
          [
            [
              -48.534013817628,
              -20.7266128478263
            ],
            [
              -48.5336112454287,
              -20.7264708717311
            ],
            [
              -48.5337173326292,
              -20.7262779837095
            ],
            [
              -48.533401388598,
              -20.7261631207476
            ],
            [
              -48.5332716812481,
              -20.726396947178
            ],
            [
              -48.5321997142579,
              -20.7259971151534
            ],
            [
              -48.5307713404623,
              -20.7290315484398
            ],
            [
              -48.531794044496,
              -20.729160786631
            ],
            [
              -48.5327159623474,
              -20.729182289539
            ],
            [
              -48.5328681233951,
              -20.7280638152382
            ],
            [
              -48.5335466569197,
              -20.7276568932788
            ],
            [
              -48.534013817628,
              -20.7266128478263
            ]
          ]
        ]
      },
      "properties": {
        "EXPEDIENTE DISPENSA": "311/2024-D",
        "ANO ENTRADA": 2024,
        "MUNICIPIO": "COLINA",
        "PROPRIETARIO": "R.J.L. EMPREENDIMENTOS IMOBILIÁRIOS LTDA.",
        "LOCALIZAÇÃO/ENDEREÇO": "RUA SCHIMIDT IVAMOTO",
        "Nº DE UNIDADES HABITACIONAIS": 26,
        "ÁREA TOTAL DA GLEBA/M²": "62439.12",
        "TIPOLOGIA DA CONSTRUÇÃO": null,
        "DATA DO CERTIFICADO": "2024-07-16T00:00:00",
        "SITUAÇÃO": "DISPENSADO"
      }
    },
    {
      "type": "Feature",
      "geometry": {
        "type": "Polygon",
        "coordinates": [
          [
            [
              -47.1925115062558,
              -23.0846128410868
            ],
            [
              -47.1905296517027,
              -23.083194097491
            ],
            [
              -47.1892330939433,
              -23.0841673251271
            ],
            [
              -47.1925115062558,
              -23.0846128410868
            ]
          ]
        ]
      },
      "properties": {
        "EXPEDIENTE DISPENSA": "328/2024-D",
        "ANO ENTRADA": 2024,
        "MUNICIPIO": "INDAIATUBA",
        "PROPRIETARIO": "BEG PARTICIPAÇÕES LTDA.",
        "LOCALIZAÇÃO/ENDEREÇO": "AVENIDA PRESIDENTE VARGAS, RUA TUPINIQUINS, ESTRADA CHAFIC JOSÉ SAIF",
        "Nº DE UNIDADES HABITACIONAIS": 14,
        "ÁREA TOTAL DA GLEBA/M²": "22799.7",
        "TIPOLOGIA DA CONSTRUÇÃO": null,
        "DATA DO CERTIFICADO": "2024-07-16T00:00:00",
        "SITUAÇÃO": "DISPENSADO"
      }
    },
    {
      "type": "Feature",
      "geometry": {
        "type": "Polygon",
        "coordinates": [
          [
            [
              -46.782499980926,
              -22.0111269041622
            ],
            [
              -46.7826811455299,
              -22.0101732028465
            ],
            [
              -46.7844355630644,
              -22.0107628753054
            ],
            [
              -46.7845405198372,
              -22.0103330252439
            ],
            [
              -46.7848067067626,
              -22.0102958301365
            ],
            [
              -46.7849921907338,
              -22.0104224222998
            ],
            [
              -46.7849500879198,
              -22.0107315500299
            ],
            [
              -46.7852577756288,
              -22.0110711644555
            ],
            [
              -46.7853990109356,
              -22.0113354243343
            ],
            [
              -46.7856322916762,
              -22.0116072553473
            ],
            [
              -46.7837897854873,
              -22.0113272247196
            ],
            [
              -46.7832439542236,
              -22.0117961687205
            ],
            [
              -46.782499980926,
              -22.0111269041622
            ]
          ]
        ]
      },
      "properties": {
        "EXPEDIENTE DISPENSA": "332/2024-D",
        "ANO ENTRADA": 2024,
        "MUNICIPIO": "SAO JOAO DA BOA VISTA",
        "PROPRIETARIO": "PONTO ALTO EMPREENDIMENTOS IMOBILIÁRIOS LTDA.",
        "LOCALIZAÇÃO/ENDEREÇO": "RUA CÂNDIDA LUZIA PRIMOLA DE SOUZA",
        "Nº DE UNIDADES HABITACIONAIS": 10,
        "ÁREA TOTAL DA GLEBA/M²": "32648.62",
        "TIPOLOGIA DA CONSTRUÇÃO": null,
        "DATA DO CERTIFICADO": "2024-07-16T00:00:00",
        "SITUAÇÃO": "DISPENSADO"
      }
    },
    {
      "type": "Feature",
      "geometry": {
        "type": "Polygon",
        "coordinates": [
          [
            [
              -51.2617262431419,
              -22.2883715742891
            ],
            [
              -51.2616696048082,
              -22.2879379858977
            ],
            [
              -51.2637390354238,
              -22.2887590984638
            ],
            [
              -51.2635969287361,
              -22.2890320151091
            ],
            [
              -51.2653053873929,
              -22.2897531901583
            ],
            [
              -51.2651896256136,
              -22.2899012857241
            ],
            [
              -51.2617262431419,
              -22.2883715742891
            ]
          ]
        ]
      },
      "properties": {
        "EXPEDIENTE DISPENSA": "364/2024-D",
        "ANO ENTRADA": 2024,
        "MUNICIPIO": "REGENTE FEIJO",
        "PROPRIETARIO": "JOSÉ GERALDO DE SOUZA LIMA & VALÉRIA EMPREENDIMENTOS LTDA.",
        "LOCALIZAÇÃO/ENDEREÇO": "RUA ANTÔNIO DUELA, SÃO SEBASTIÃO",
        "Nº DE UNIDADES HABITACIONAIS": 6,
        "ÁREA TOTAL DA GLEBA/M²": "15005.02",
        "TIPOLOGIA DA CONSTRUÇÃO": null,
        "DATA DO CERTIFICADO": "2024-07-23T00:00:00",
        "SITUAÇÃO": "DISPENSADO"
      }
    },
    {
      "type": "Feature",
      "geometry": {
        "type": "Polygon",
        "coordinates": [
          [
            [
              -45.443062107634,
              -23.7103580136261
            ],
            [
              -45.4424367568926,
              -23.7119147200314
            ],
            [
              -45.4431534627788,
              -23.7120898115488
            ],
            [
              -45.4433570704565,
              -23.712246688233
            ],
            [
              -45.4435714999363,
              -23.7124428985997
            ],
            [
              -45.4437755414592,
              -23.712727709653
            ],
            [
              -45.4441081095263,
              -23.7130908815287
            ],
            [
              -45.4444189360919,
              -23.7133458614214
            ],
            [
              -45.4447187085487,
              -23.7134926187668
            ],
            [
              -45.445050780322,
              -23.7137081713176
            ],
            [
              -45.4453080348599,
              -23.7139239384794
            ],
            [
              -45.4456509976445,
              -23.7141985058075
            ],
            [
              -45.4459191097782,
              -23.7144634468461
            ],
            [
              -45.4463374298295,
              -23.7148952552371
            ],
            [
              -45.4469162804879,
              -23.7153856462562
            ],
            [
              -45.4476886774253,
              -23.7130805632283
            ],
            [
              -45.4488438848358,
              -23.7133330887598
            ],
            [
              -45.4490551237272,
              -23.7125943828768
            ],
            [
              -45.4476210554706,
              -23.7120572697516
            ],
            [
              -45.4471070503074,
              -23.7117733597655
            ],
            [
              -45.4460262752314,
              -23.7114025115474
            ],
            [
              -45.4460684254123,
              -23.7112252476464
            ],
            [
              -45.443062107634,
              -23.7103580136261
            ]
          ]
        ]
      },
      "properties": {
        "EXPEDIENTE DISPENSA": "334/2024-D",
        "ANO ENTRADA": 2024,
        "MUNICIPIO": "CARAGUATATUBA",
        "PROPRIETARIO": "MATSUMOTO INCORPORADORA E AGROEMPREENDIMENTOS LTDA.",
        "LOCALIZAÇÃO/ENDEREÇO": "SÍTIO JARAGUÁ - AVENIDA JOSÉ DA COSTA PINHEIRO JÚNIOR, N° 1.415, BAIRRO JARAGUÁ",
        "Nº DE UNIDADES HABITACIONAIS": 6,
        "ÁREA TOTAL DA GLEBA/M²": "165412.58100000001",
        "TIPOLOGIA DA CONSTRUÇÃO": null,
        "DATA DO CERTIFICADO": "2024-07-30T00:00:00",
        "SITUAÇÃO": "DISPENSADO"
      }
    },
    {
      "type": "Feature",
      "geometry": {
        "type": "Polygon",
        "coordinates": [
          [
            [
              -46.4803396950127,
              -23.5944590097382
            ],
            [
              -46.4803447320987,
              -23.59437653312
            ],
            [
              -46.479564558617,
              -23.5936640916748
            ],
            [
              -46.4793387604368,
              -23.5934684140718
            ],
            [
              -46.4790846546789,
              -23.5931411198874
            ],
            [
              -46.477623024963,
              -23.593605644008
            ],
            [
              -46.4782422464968,
              -23.5945888948078
            ],
            [
              -46.479166613605,
              -23.5940690352713
            ],
            [
              -46.4794647206772,
              -23.5940661955063
            ],
            [
              -46.4803396950127,
              -23.5944590097382
            ]
          ]
        ]
      },
      "properties": {
        "EXPEDIENTE DISPENSA": "376/2024-D",
        "ANO ENTRADA": 2024,
        "MUNICIPIO": "SAO PAULO",
        "PROPRIETARIO": "CONSTRUTORA TENDA S/A",
        "LOCALIZAÇÃO/ENDEREÇO": "RUA ANDRÉ DE ALMEIDA, S/N.°, ITAQUERA",
        "Nº DE UNIDADES HABITACIONAIS": 1,
        "ÁREA TOTAL DA GLEBA/M²": "21591.18",
        "TIPOLOGIA DA CONSTRUÇÃO": null,
        "DATA DO CERTIFICADO": "2024-07-30T00:00:00",
        "SITUAÇÃO": "DISPENSADO"
      }
    },
    {
      "type": "Feature",
      "geometry": {
        "type": "Polygon",
        "coordinates": [
          [
            [
              -49.0128679280948,
              -21.1350352464579
            ],
            [
              -49.0116011806216,
              -21.1356866664721
            ],
            [
              -49.0115537970145,
              -21.1357549649382
            ],
            [
              -49.0116007798023,
              -21.1358378181202
            ],
            [
              -49.0120804686341,
              -21.1363680290734
            ],
            [
              -49.0121351519638,
              -21.1364045170167
            ],
            [
              -49.0122804693979,
              -21.1363171009129
            ],
            [
              -49.0132835377722,
              -21.1355123954689
            ],
            [
              -49.0128679280948,
              -21.1350352464579
            ]
          ]
        ]
      },
      "properties": {
        "EXPEDIENTE DISPENSA": "374/2024-D",
        "ANO ENTRADA": 2024,
        "MUNICIPIO": "CATANDUVA",
        "PROPRIETARIO": "TERRA VIIV EMPREENDIMENTOS IMOBILIÁRIOS SPE LTDA",
        "LOCALIZAÇÃO/ENDEREÇO": "RUA DR. DIOMAR CHIMELLO, RUA DR. RAUL JOSÉ DE ANDRADE VIANNA, RUA WALNER PELLIZZON E RUA JOÃO SIMONI JÚNIOR, LOTEAMENTO HORIZON CATANDUVA",
        "Nº DE UNIDADES HABITACIONAIS": 34,
        "ÁREA TOTAL DA GLEBA/M²": "11775.94",
        "TIPOLOGIA DA CONSTRUÇÃO": null,
        "DATA DO CERTIFICADO": "2024-08-06T00:00:00",
        "SITUAÇÃO": "DISPENSADO"
      }
    },
    {
      "type": "Feature",
      "geometry": {
        "type": "Polygon",
        "coordinates": [
          [
            [
              -47.4071260556686,
              -20.4762356754425
            ],
            [
              -47.406826884432,
              -20.4760572002914
            ],
            [
              -47.4079961314567,
              -20.4745263180873
            ],
            [
              -47.4082419474892,
              -20.4746947886872
            ],
            [
              -47.4071260556686,
              -20.4762356754425
            ]
          ]
        ]
      },
      "properties": {
        "EXPEDIENTE DISPENSA": "487/2024-D",
        "ANO ENTRADA": 2024,
        "MUNICIPIO": "FRANCA",
        "PROPRIETARIO": "FRANCISCO DE LUCIO TERSI E MARLY THEREZINHA AMADO TERSI",
        "LOCALIZAÇÃO/ENDEREÇO": "ESTRADA MUNICIPAL, SÍTIO SANTA LINA, GLEBA\"A\"",
        "Nº DE UNIDADES HABITACIONAIS": 10,
        "ÁREA TOTAL DA GLEBA/M²": "6000",
        "TIPOLOGIA DA CONSTRUÇÃO": null,
        "DATA DO CERTIFICADO": "2024-09-17T00:00:00",
        "SITUAÇÃO": "DISPENSADO"
      }
    },
    {
      "type": "Feature",
      "geometry": {
        "type": "Polygon",
        "coordinates": [
          [
            [
              -46.6709945076822,
              -23.5202274339392
            ],
            [
              -46.6709775873036,
              -23.5199953947459
            ],
            [
              -46.6701486647808,
              -23.5202752155057
            ],
            [
              -46.6701168616883,
              -23.5199723794503
            ],
            [
              -46.6693306333976,
              -23.5192002928246
            ],
            [
              -46.6695632370035,
              -23.5187849608479
            ],
            [
              -46.6700555304505,
              -23.5189925491262
            ],
            [
              -46.6704561594516,
              -23.5185883143043
            ],
            [
              -46.67137113045,
              -23.5190300333363
            ],
            [
              -46.6713809853477,
              -23.5198104475125
            ],
            [
              -46.6713809853477,
              -23.5198104475125
            ],
            [
              -46.671454513679,
              -23.5200934834007
            ],
            [
              -46.6709945076822,
              -23.5202274339392
            ]
          ]
        ]
      },
      "properties": {
        "EXPEDIENTE DISPENSA": "406/2024-D",
        "ANO ENTRADA": 2024,
        "MUNICIPIO": "SAO PAULO",
        "PROPRIETARIO": "CYMA 02 EMPREENDIMENTOS IMOBILIÁRIOS LTDA.",
        "LOCALIZAÇÃO/ENDEREÇO": "AV. THOMAS EDISON, N° 887, 929, 931 E 967, AV. MARQUÊS DE SÃO VICENTE, S/N° BARRA FUNDA",
        "Nº DE UNIDADES HABITACIONAIS": 1,
        "ÁREA TOTAL DA GLEBA/M²": "24555.19",
        "TIPOLOGIA DA CONSTRUÇÃO": null,
        "DATA DO CERTIFICADO": "2024-08-20T00:00:00",
        "SITUAÇÃO": "DISPENSADO"
      }
    },
    {
      "type": "Feature",
      "geometry": {
        "type": "Polygon",
        "coordinates": [
          [
            [
              -46.6732383443203,
              -23.6850673963627
            ],
            [
              -46.6728168454489,
              -23.684173878008
            ],
            [
              -46.6718781314836,
              -23.6848890464354
            ],
            [
              -46.6717755441938,
              -23.6847055035843
            ],
            [
              -46.6714969043261,
              -23.6850106674284
            ],
            [
              -46.6711077387031,
              -23.6852246984961
            ],
            [
              -46.6707366899677,
              -23.6854301399293
            ],
            [
              -46.6705201255082,
              -23.6856003409278
            ],
            [
              -46.670486909755,
              -23.6872877344829
            ],
            [
              -46.6708415541976,
              -23.6872251550138
            ],
            [
              -46.6712224679253,
              -23.6870783591096
            ],
            [
              -46.6715296254063,
              -23.6868652129868
            ],
            [
              -46.6718273487578,
              -23.686626988551
            ],
            [
              -46.6721588494722,
              -23.6861785686489
            ],
            [
              -46.6723907517801,
              -23.6857815832143
            ],
            [
              -46.67255157008,
              -23.6855280498718
            ],
            [
              -46.6732383443203,
              -23.6850673963627
            ]
          ]
        ]
      },
      "properties": {
        "EXPEDIENTE DISPENSA": "94/2024-D",
        "ANO ENTRADA": 2024,
        "MUNICIPIO": "SAO PAULO",
        "PROPRIETARIO": "PLANO BIRITIBA EMPREENDIMENTOS IMOBILIÁRIOS LTDA",
        "LOCALIZAÇÃO/ENDEREÇO": "RUA ZIKE TUMA, N.° 1.037, JARDIM UBIRAJARA X RUA JOSÉ FUGULIN X ESTRADA DA SERVIDÃO, JARDIM SANTA CRUZ-CAMPO GRANDE",
        "Nº DE UNIDADES HABITACIONAIS": 3,
        "ÁREA TOTAL DA GLEBA/M²": "46472.77",
        "TIPOLOGIA DA CONSTRUÇÃO": null,
        "DATA DO CERTIFICADO": "2024-03-26T00:00:00",
        "SITUAÇÃO": "DISPENSADO"
      }
    },
    {
      "type": "Feature",
      "geometry": {
        "type": "Polygon",
        "coordinates": [
          [
            [
              -46.4486542209857,
              -23.5694780143659
            ],
            [
              -46.4511228766216,
              -23.5664427198317
            ],
            [
              -46.4512434100933,
              -23.5655368690421
            ],
            [
              -46.4511238804687,
              -23.5655013775978
            ],
            [
              -46.4510156389224,
              -23.565460551057
            ],
            [
              -46.4508737057028,
              -23.5654514166901
            ],
            [
              -46.45069819558,
              -23.5654844325936
            ],
            [
              -46.4503809243546,
              -23.5655240007654
            ],
            [
              -46.4481912169301,
              -23.5691633219624
            ],
            [
              -46.4486542209857,
              -23.5694780143659
            ]
          ]
        ]
      },
      "properties": {
        "EXPEDIENTE DISPENSA": "408/2024-D",
        "ANO ENTRADA": 2024,
        "MUNICIPIO": "SAO PAULO",
        "PROPRIETARIO": "PLANO EUFRATES EMPREENDIMENTOS IMOBILIÁRIOS LTDA.",
        "LOCALIZAÇÃO/ENDEREÇO": "RUA ITÁLIA GIUSTI, S/N.°, VILA CARMOZINA",
        "Nº DE UNIDADES HABITACIONAIS": 3,
        "ÁREA TOTAL DA GLEBA/M²": "45642.74",
        "TIPOLOGIA DA CONSTRUÇÃO": null,
        "DATA DO CERTIFICADO": "2024-08-13T00:00:00",
        "SITUAÇÃO": "DISPENSADO"
      }
    },
    {
      "type": "Feature",
      "geometry": {
        "type": "Polygon",
        "coordinates": [
          [
            [
              -46.8059704683521,
              -23.1822815729391
            ],
            [
              -46.8059805483906,
              -23.1822623420293
            ],
            [
              -46.8058864922505,
              -23.182186960345
            ],
            [
              -46.8057820995837,
              -23.1821116971982
            ],
            [
              -46.8056070182184,
              -23.1821614940618
            ],
            [
              -46.8054002854848,
              -23.1821638657149
            ],
            [
              -46.8052855564531,
              -23.1820887207953
            ],
            [
              -46.805092366396,
              -23.1823298772792
            ],
            [
              -46.8049087429645,
              -23.1825135780982
            ],
            [
              -46.8046521212046,
              -23.1826503276808
            ],
            [
              -46.8046521212046,
              -23.1826503276808
            ],
            [
              -46.8045497800368,
              -23.1827279621768
            ],
            [
              -46.8039617869219,
              -23.1835948895233
            ],
            [
              -46.8042429302948,
              -23.1837445885763
            ],
            [
              -46.8044416364708,
              -23.1839143475844
            ],
            [
              -46.8045171991386,
              -23.1841524217535
            ],
            [
              -46.8045303565858,
              -23.1843625385932
            ],
            [
              -46.8044612041037,
              -23.184602272111
            ],
            [
              -46.8042285847252,
              -23.1849872441893
            ],
            [
              -46.8038859752843,
              -23.1856506479321
            ],
            [
              -46.8038173338226,
              -23.1859286058624
            ],
            [
              -46.803858214186,
              -23.1866640742596
            ],
            [
              -46.8039423201534,
              -23.1867682439527
            ],
            [
              -46.8039423201534,
              -23.1867682439527
            ],
            [
              -46.8041077121357,
              -23.1867663478288
            ],
            [
              -46.8048429985177,
              -23.1860888827096
            ],
            [
              -46.8052237977956,
              -23.185960265678
            ],
            [
              -46.8054621886104,
              -23.1860053188296
            ],
            [
              -46.8056608997646,
              -23.1861750759443
            ],
            [
              -46.8056608997646,
              -23.1861750759443
            ],
            [
              -46.8071288095958,
              -23.1853936164517
            ],
            [
              -46.8065941837525,
              -23.1848454133385
            ],
            [
              -46.8062338761903,
              -23.1841900737145
            ],
            [
              -46.805935592754,
              -23.1835340212988
            ],
            [
              -46.8058373018403,
              -23.1831432867924
            ],
            [
              -46.8058213201384,
              -23.1827229348967
            ],
            [
              -46.8059704683521,
              -23.1822815729391
            ]
          ]
        ]
      },
      "properties": {
        "EXPEDIENTE DISPENSA": "272/2024-D",
        "ANO ENTRADA": 2024,
        "MUNICIPIO": "JUNDIAI",
        "PROPRIETARIO": "THOMAS ZOLTAN TOPLER KENEZ",
        "LOCALIZAÇÃO/ENDEREÇO": "AV. JOSÉ MEZZALIRA, RUA LUPÉRCIO DECARLI, RUA EUTICHIANO RIZZI, RUA JUSTINIANO ALVES DE SOUZA, DESIGNADO COMO ÁREA RESERVADA DA ESTÂNCIA ALPINA",
        "Nº DE UNIDADES HABITACIONAIS": 14,
        "ÁREA TOTAL DA GLEBA/M²": "86832.48",
        "TIPOLOGIA DA CONSTRUÇÃO": null,
        "DATA DO CERTIFICADO": "2024-09-10T00:00:00",
        "SITUAÇÃO": "DISPENSADO"
      }
    },
    {
      "type": "Feature",
      "geometry": {
        "type": "Polygon",
        "coordinates": [
          [
            [
              -46.7979403175957,
              -23.0036733714594
            ],
            [
              -46.798338601523,
              -23.0039976995669
            ],
            [
              -46.7991390595346,
              -23.0049392849434
            ],
            [
              -46.7994996336224,
              -23.0053417667771
            ],
            [
              -46.7997230422941,
              -23.0051419164381
            ],
            [
              -46.7986545590128,
              -23.0039582356724
            ],
            [
              -46.7981443527834,
              -23.0034737433406
            ],
            [
              -46.7979403175957,
              -23.0036733714594
            ]
          ]
        ]
      },
      "properties": {
        "EXPEDIENTE DISPENSA": "402/2024-D",
        "ANO ENTRADA": 2024,
        "MUNICIPIO": "ITATIBA",
        "PROPRIETARIO": "HORIZONTE AZUL EMPREENDIMENTOS IMOBILIÁRIOS LTDA. E JUND ADMINISTRADORA DE BENS LTDA.",
        "LOCALIZAÇÃO/ENDEREÇO": "RUA DINORAH COSTA TERTULIANO, BAIRRO BELA VISTA",
        "Nº DE UNIDADES HABITACIONAIS": 44,
        "ÁREA TOTAL DA GLEBA/M²": "8220",
        "TIPOLOGIA DA CONSTRUÇÃO": null,
        "DATA DO CERTIFICADO": "2024-09-10T00:00:00",
        "SITUAÇÃO": "DISPENSADO"
      }
    },
    {
      "type": "Feature",
      "geometry": {
        "type": "Polygon",
        "coordinates": [
          [
            [
              -46.8160979380838,
              -22.7064430313643
            ],
            [
              -46.8160123688674,
              -22.7062682942021
            ],
            [
              -46.8167754321071,
              -22.7059445637783
            ],
            [
              -46.8168577972283,
              -22.7061238810884
            ],
            [
              -46.8160979380838,
              -22.7064430313643
            ]
          ]
        ]
      },
      "properties": {
        "EXPEDIENTE DISPENSA": "462/2024-D",
        "ANO ENTRADA": 2024,
        "MUNICIPIO": "AMPARO",
        "PROPRIETARIO": "CAMILOTTI EMPREENDIMENTOS IMOBILIÁRIOS LTDA.",
        "LOCALIZAÇÃO/ENDEREÇO": "RUA ÂNGELO FRARE, BAIRRO SILVESTRE",
        "Nº DE UNIDADES HABITACIONAIS": 13,
        "ÁREA TOTAL DA GLEBA/M²": "1892",
        "TIPOLOGIA DA CONSTRUÇÃO": null,
        "DATA DO CERTIFICADO": "2024-10-09T00:00:00",
        "SITUAÇÃO": "DISPENSADO"
      }
    },
    {
      "type": "Feature",
      "geometry": {
        "type": "Polygon",
        "coordinates": [
          [
            [
              -47.2102751057584,
              -22.4864599519235
            ],
            [
              -47.2101653763917,
              -22.4860936005476
            ],
            [
              -47.2089383855744,
              -22.4864139082665
            ],
            [
              -47.2089748028843,
              -22.4865260651412
            ],
            [
              -47.2093373515015,
              -22.4864544202602
            ],
            [
              -47.2097579951392,
              -22.4864578482845
            ],
            [
              -47.2097903422016,
              -22.4866252392462
            ],
            [
              -47.2102751057584,
              -22.4864599519235
            ]
          ]
        ]
      },
      "properties": {
        "EXPEDIENTE DISPENSA": "485/2024-D",
        "ANO ENTRADA": 2024,
        "MUNICIPIO": "ENGENHEIRO COELHO",
        "PROPRIETARIO": "DOLVANE JOSÉ BATISTELA",
        "LOCALIZAÇÃO/ENDEREÇO": "RUA FRANCISCO ANTÔNIO SOARES, CHÁCARA BATISTELA 04",
        "Nº DE UNIDADES HABITACIONAIS": 4,
        "ÁREA TOTAL DA GLEBA/M²": "3589.27",
        "TIPOLOGIA DA CONSTRUÇÃO": null,
        "DATA DO CERTIFICADO": "2024-10-09T00:00:00",
        "SITUAÇÃO": "DISPENSADO"
      }
    },
    {
      "type": "Feature",
      "geometry": {
        "type": "Polygon",
        "coordinates": [
          [
            [
              -47.3716648496967,
              -22.7104994734736
            ],
            [
              -47.3704178423478,
              -22.7112912407519
            ],
            [
              -47.371686991071,
              -22.7129929477384
            ],
            [
              -47.3719038964645,
              -22.7128834045872
            ],
            [
              -47.3720581384693,
              -22.712765125118
            ],
            [
              -47.3720581384693,
              -22.712765125118
            ],
            [
              -47.372431617317,
              -22.7126725896795
            ],
            [
              -47.372752515391,
              -22.7125518361734
            ],
            [
              -47.3732805668044,
              -22.7123603455108
            ],
            [
              -47.3736115458744,
              -22.7122201089285
            ],
            [
              -47.3739421907652,
              -22.712060544886
            ],
            [
              -47.3736959544223,
              -22.7116775656495
            ],
            [
              -47.3748512018437,
              -22.7110031276363
            ],
            [
              -47.374658378845,
              -22.7106966835293
            ],
            [
              -47.3722952147276,
              -22.7114083812261
            ],
            [
              -47.3716648496967,
              -22.7104994734736
            ]
          ]
        ]
      },
      "properties": {
        "EXPEDIENTE DISPENSA": "554/2024-D",
        "ANO ENTRADA": 2024,
        "MUNICIPIO": "SANTA BARBARA D'OESTE",
        "PROPRIETARIO": "CGD EMPREENDIMENTOS S/A.",
        "LOCALIZAÇÃO/ENDEREÇO": "RUA HAROLDO ANTÔNIO BATAGLIA, S/N°, SÍTIO SÃO BENEDITO",
        "Nº DE UNIDADES HABITACIONAIS": 4,
        "ÁREA TOTAL DA GLEBA/M²": "47288.72",
        "TIPOLOGIA DA CONSTRUÇÃO": null,
        "DATA DO CERTIFICADO": "2024-10-22T00:00:00",
        "SITUAÇÃO": "DISPENSADO"
      }
    },
    {
      "type": "Feature",
      "geometry": {
        "type": "Polygon",
        "coordinates": [
          [
            [
              -48.5295818517092,
              -20.7132449780761
            ],
            [
              -48.5308104731479,
              -20.7136453448521
            ],
            [
              -48.5306140933015,
              -20.7142229993177
            ],
            [
              -48.5301777935522,
              -20.7143491491219
            ],
            [
              -48.5303251192044,
              -20.7147655470188
            ],
            [
              -48.5306547465988,
              -20.7148451304567
            ],
            [
              -48.5300892104925,
              -20.7161828583415
            ],
            [
              -48.5279619886543,
              -20.7154801940618
            ],
            [
              -48.5286097024959,
              -20.7137275294499
            ],
            [
              -48.5293361922468,
              -20.7139593388532
            ],
            [
              -48.5295818517092,
              -20.7132449780761
            ]
          ]
        ]
      },
      "properties": {
        "EXPEDIENTE DISPENSA": "489/2024-D",
        "ANO ENTRADA": 2024,
        "MUNICIPIO": "COLINA",
        "PROPRIETARIO": "RUMO CERTO COLINA LTDA.",
        "LOCALIZAÇÃO/ENDEREÇO": "AV. DOUTOR MANOEL PALOMINO FERNANDES",
        "Nº DE UNIDADES HABITACIONAIS": 32,
        "ÁREA TOTAL DA GLEBA/M²": "56855.68",
        "TIPOLOGIA DA CONSTRUÇÃO": null,
        "DATA DO CERTIFICADO": "2024-09-24T00:00:00",
        "SITUAÇÃO": "DISPENSADO"
      }
    },
    {
      "type": "Feature",
      "geometry": {
        "type": "Polygon",
        "coordinates": [
          [
            [
              -48.6655679691589,
              -22.8160505570418
            ],
            [
              -48.6637612961167,
              -22.8158806825717
            ],
            [
              -48.6635960921478,
              -22.8166965373975
            ],
            [
              -48.6653428781909,
              -22.817184999194
            ],
            [
              -48.6654289434327,
              -22.8171618699737
            ],
            [
              -48.6655679691589,
              -22.8160505570418
            ]
          ]
        ]
      },
      "properties": {
        "EXPEDIENTE DISPENSA": "491/2024-D",
        "ANO ENTRADA": 2024,
        "MUNICIPIO": "PRATANIA",
        "PROPRIETARIO": "GILBERTO JOSÉ PASCOTO E OUTRA",
        "LOCALIZAÇÃO/ENDEREÇO": "RUA OCTACÍLIO NOGUEIRA",
        "Nº DE UNIDADES HABITACIONAIS": 31,
        "ÁREA TOTAL DA GLEBA/M²": "20000",
        "TIPOLOGIA DA CONSTRUÇÃO": null,
        "DATA DO CERTIFICADO": "2024-09-24T00:00:00",
        "SITUAÇÃO": "DISPENSADO"
      }
    },
    {
      "type": "Feature",
      "geometry": {
        "type": "Polygon",
        "coordinates": [
          [
            [
              -47.7845059832418,
              -20.0865945805522
            ],
            [
              -47.783875488315,
              -20.0873846305195
            ],
            [
              -47.7838442828483,
              -20.0874422034479
            ],
            [
              -47.7838442828483,
              -20.0874422034479
            ],
            [
              -47.7838904604726,
              -20.0875480252233
            ],
            [
              -47.7843636881027,
              -20.0878868463936
            ],
            [
              -47.7844680482756,
              -20.0878661725688
            ],
            [
              -47.7845475750003,
              -20.0878078369288
            ],
            [
              -47.7850632525493,
              -20.0873582748988
            ],
            [
              -47.7850806952205,
              -20.0872057848536
            ],
            [
              -47.7846436328551,
              -20.0866342672613
            ],
            [
              -47.7845943027969,
              -20.086577965251
            ],
            [
              -47.7845059832418,
              -20.0865945805522
            ]
          ]
        ]
      },
      "properties": {
        "EXPEDIENTE DISPENSA": "507/2024-D",
        "ANO ENTRADA": 2024,
        "MUNICIPIO": "ARAMINA",
        "PROPRIETARIO": "HÉVIO CAGLIARI",
        "LOCALIZAÇÃO/ENDEREÇO": "RUA 4, BAIRRO CHÁCARA SANTA LÚCIA",
        "Nº DE UNIDADES HABITACIONAIS": 27,
        "ÁREA TOTAL DA GLEBA/M²": "9408.73",
        "TIPOLOGIA DA CONSTRUÇÃO": null,
        "DATA DO CERTIFICADO": "2024-11-19T00:00:00",
        "SITUAÇÃO": "DISPENSADO"
      }
    },
    {
      "type": "Feature",
      "geometry": {
        "type": "Polygon",
        "coordinates": [
          [
            [
              -47.0826950829849,
              -23.9169985710974
            ],
            [
              -47.0828118422066,
              -23.9164613928343
            ],
            [
              -47.08283254901,
              -23.9163729761653
            ],
            [
              -47.0829267717952,
              -23.916270003657
            ],
            [
              -47.0830144908605,
              -23.9162213567989
            ],
            [
              -47.0831312682971,
              -23.916145197219
            ],
            [
              -47.0832995501667,
              -23.9160615596391
            ],
            [
              -47.0834453856118,
              -23.9159578871339
            ],
            [
              -47.0836135582676,
              -23.9158674710218
            ],
            [
              -47.0837305525257,
              -23.9158048674624
            ],
            [
              -47.0839942514444,
              -23.9156928165699
            ],
            [
              -47.0842140364331,
              -23.9156016999081
            ],
            [
              -47.0843458855111,
              -23.915545674127
            ],
            [
              -47.0845587318717,
              -23.9154817698641
            ],
            [
              -47.084942142919,
              -23.9154765685164
            ],
            [
              -47.0851928346987,
              -23.9154731671188
            ],
            [
              -47.0854963367409,
              -23.91554362519
            ],
            [
              -47.0857863988307,
              -23.9156956212828
            ],
            [
              -47.0859887440366,
              -23.9158962652901
            ],
            [
              -47.0859979682175,
              -23.9160113947134
            ],
            [
              -47.0859418123972,
              -23.9161884287766
            ],
            [
              -47.085892812033,
              -23.9163518063289
            ],
            [
              -47.0858220181379,
              -23.9165358187368
            ],
            [
              -47.0857147927417,
              -23.9167474443394
            ],
            [
              -47.0855920582672,
              -23.9169118225794
            ],
            [
              -47.0855064080837,
              -23.917089256817
            ],
            [
              -47.085398419818,
              -23.917253434797
            ],
            [
              -47.0853560299178,
              -23.9173692647116
            ],
            [
              -47.0854093853012,
              -23.9174770155903
            ],
            [
              -47.0854093853012,
              -23.9174770155903
            ],
            [
              -47.0855878709431,
              -23.9175695088162
            ],
            [
              -47.0858400909106,
              -23.9176610009663
            ],
            [
              -47.0860550085958,
              -23.9177258803494
            ],
            [
              -47.086815961096,
              -23.9173494454361
            ],
            [
              -47.086703181932,
              -23.9172153833361
            ],
            [
              -47.0862081854369,
              -23.9171610871708
            ],
            [
              -47.0868772773496,
              -23.916575729094
            ],
            [
              -47.0877614977344,
              -23.9174450767664
            ],
            [
              -47.0874109527843,
              -23.9176600090737
            ],
            [
              -47.0870231038108,
              -23.9178483285804
            ],
            [
              -47.0867731702178,
              -23.9178991806897
            ],
            [
              -47.0864284709956,
              -23.9180191159723
            ],
            [
              -47.086089511155,
              -23.91803727736
            ],
            [
              -47.0856919991894,
              -23.9180833514905
            ],
            [
              -47.0853081452331,
              -23.9180614424098
            ],
            [
              -47.0845071354824,
              -23.9177807840506
            ],
            [
              -47.0839444710438,
              -23.9176460423094
            ],
            [
              -47.0836370492376,
              -23.9173315657179
            ],
            [
              -47.0835533317387,
              -23.9171699882921
            ],
            [
              -47.0826950829849,
              -23.9169985710974
            ]
          ]
        ]
      },
      "properties": {
        "EXPEDIENTE DISPENSA": "569/2024-D",
        "ANO ENTRADA": 2024,
        "MUNICIPIO": "JUQUITIBA",
        "PROPRIETARIO": "COSME CARDOSO DOS SANTOS",
        "LOCALIZAÇÃO/ENDEREÇO": "AV. 31 DE MARÇO, BAIRRO DO JUQUIÁ",
        "Nº DE UNIDADES HABITACIONAIS": 3,
        "ÁREA TOTAL DA GLEBA/M²": "92786.240000000005",
        "TIPOLOGIA DA CONSTRUÇÃO": null,
        "DATA DO CERTIFICADO": "2024-11-19T00:00:00",
        "SITUAÇÃO": "DISPENSADO"
      }
    },
    {
      "type": "Feature",
      "geometry": {
        "type": "Polygon",
        "coordinates": [
          [
            [
              -49.6752139017084,
              -21.0601342262609
            ],
            [
              -49.6747605514099,
              -21.059766238269
            ],
            [
              -49.6741426798895,
              -21.0600990898613
            ],
            [
              -49.6738027135134,
              -21.0602454435626
            ],
            [
              -49.6736030688772,
              -21.0603422678099
            ],
            [
              -49.6735032464479,
              -21.0603906798629
            ],
            [
              -49.6733954429003,
              -21.0604431168936
            ],
            [
              -49.6733452912663,
              -21.0605244036291
            ],
            [
              -49.6733007362966,
              -21.0606550002712
            ],
            [
              -49.6734353387039,
              -21.0606817280307
            ],
            [
              -49.6735695933601,
              -21.0604383144749
            ],
            [
              -49.6737999679416,
              -21.060416741571
            ],
            [
              -49.6745461098722,
              -21.0608147057807
            ],
            [
              -49.6752139017084,
              -21.0601342262609
            ]
          ]
        ]
      },
      "properties": {
        "EXPEDIENTE DISPENSA": "677/2024-D",
        "ANO ENTRADA": 2024,
        "MUNICIPIO": "JOSE BONIFACIO",
        "PROPRIETARIO": "SINÉSIO PONTE GIMENES E OUTROS",
        "LOCALIZAÇÃO/ENDEREÇO": "RUA SEBASTIÃO MENDONÇA ADOLFO, ESQUINA COM A ESTRADA GERMINIO BIBIANO GUIMARÃES",
        "Nº DE UNIDADES HABITACIONAIS": 6,
        "ÁREA TOTAL DA GLEBA/M²": "9225.99",
        "TIPOLOGIA DA CONSTRUÇÃO": null,
        "DATA DO CERTIFICADO": "2024-12-03T00:00:00",
        "SITUAÇÃO": "DISPENSADO"
      }
    },
    {
      "type": "Feature",
      "geometry": {
        "type": "Polygon",
        "coordinates": [
          [
            [
              -46.6779963551241,
              -23.6924686676488
            ],
            [
              -46.6790252753045,
              -23.6936384218019
            ],
            [
              -46.6801195939545,
              -23.6929262398217
            ],
            [
              -46.6816570332747,
              -23.6942140383799
            ],
            [
              -46.6782654443143,
              -23.6948550367001
            ],
            [
              -46.6779230557398,
              -23.6948999433906
            ],
            [
              -46.677670123081,
              -23.6949438797407
            ],
            [
              -46.677490157854,
              -23.6948634410979
            ],
            [
              -46.67741262822,
              -23.6946308452779
            ],
            [
              -46.6775294462745,
              -23.694437337787
            ],
            [
              -46.6777781661468,
              -23.6940638906073
            ],
            [
              -46.6779932049432,
              -23.6933887145039
            ],
            [
              -46.6779963551241,
              -23.6924686676488
            ]
          ]
        ]
      },
      "properties": {
        "EXPEDIENTE DISPENSA": "244/2024-D",
        "ANO ENTRADA": 2024,
        "MUNICIPIO": "SAO PAULO",
        "PROPRIETARIO": "PLANO GUAPORÉ EMPREENDIMENTOS IMOBILIÁRIOS LTDA",
        "LOCALIZAÇÃO/ENDEREÇO": "AV. NOSSA SENHORA DO SABARÁ, AV. MIGUEL YUNES, RUA JOSÉ MARTINS COELHO, RUA ALBERTINA MALLAN ZAFFIA E RUA JOAQUIM GONÇALVES DA SILVA, S/N.°, SANTO AMARO",
        "Nº DE UNIDADES HABITACIONAIS": 5,
        "ÁREA TOTAL DA GLEBA/M²": "59450.31",
        "TIPOLOGIA DA CONSTRUÇÃO": null,
        "DATA DO CERTIFICADO": "2024-05-28T00:00:00",
        "SITUAÇÃO": "DISPENSADO"
      }
    },
    {
      "type": "Feature",
      "geometry": {
        "type": "Polygon",
        "coordinates": [
          [
            [
              -46.6067274025802,
              -23.2570407415246
            ],
            [
              -46.6066312605447,
              -23.2577473282244
            ],
            [
              -46.6067179522659,
              -23.2579977516366
            ],
            [
              -46.6066898163319,
              -23.2582686817328
            ],
            [
              -46.6068794863269,
              -23.2583827300474
            ],
            [
              -46.6070363860814,
              -23.2583811240828
            ],
            [
              -46.6072367482931,
              -23.2585143940739
            ],
            [
              -46.6075400880504,
              -23.2585112883609
            ],
            [
              -46.6073898232556,
              -23.2581938558752
            ],
            [
              -46.6073453176452,
              -23.2579719983783
            ],
            [
              -46.6067274025802,
              -23.2570407415246
            ]
          ]
        ]
      },
      "properties": {
        "EXPEDIENTE DISPENSA": "513/2024-D",
        "ANO ENTRADA": 2024,
        "MUNICIPIO": "MAIRIPORA",
        "PROPRIETARIO": "SOCIEDADE CONDE DE IMÓVEIS LTDA",
        "LOCALIZAÇÃO/ENDEREÇO": "ESTRADA YOLANDA DO PRADO CHAMA, BAIRRO TERRA PRETA",
        "Nº DE UNIDADES HABITACIONAIS": 9,
        "ÁREA TOTAL DA GLEBA/M²": "32980.26",
        "TIPOLOGIA DA CONSTRUÇÃO": null,
        "DATA DO CERTIFICADO": "2024-12-10T00:00:00",
        "SITUAÇÃO": "DISPENSADO"
      }
    },
    {
      "type": "Feature",
      "geometry": {
        "type": "Polygon",
        "coordinates": [
          [
            [
              -46.6044050080473,
              -23.6530801985597
            ],
            [
              -46.6042034870627,
              -23.6531808555836
            ],
            [
              -46.6028719027556,
              -23.6497446414124
            ],
            [
              -46.6036016005833,
              -23.6495451398553
            ],
            [
              -46.6044050080473,
              -23.6530801985597
            ]
          ]
        ]
      },
      "properties": {
        "EXPEDIENTE DISPENSA": "712/2024-D",
        "ANO ENTRADA": 2024,
        "MUNICIPIO": "SAO PAULO",
        "PROPRIETARIO": "COMPANHIA DE DESENVOLVIMENTOS HABITACIONAL E URBANO DO ESTADO DE SÃO PAULO-CDHU",
        "LOCALIZAÇÃO/ENDEREÇO": "RUA FARID MIGUEL HADDAD, BAIRRO DO SACOMÃ, IPIRANGA",
        "Nº DE UNIDADES HABITACIONAIS": 5,
        "ÁREA TOTAL DA GLEBA/M²": "21669.54",
        "TIPOLOGIA DA CONSTRUÇÃO": null,
        "DATA DO CERTIFICADO": "2024-12-17T00:00:00",
        "SITUAÇÃO": "DISPENSADO"
      }
    },
    {
      "type": "Feature",
      "geometry": {
        "type": "Polygon",
        "coordinates": [
          [
            [
              -46.9571456965014,
              -22.3797620178356
            ],
            [
              -46.9568645647429,
              -22.3791253228773
            ],
            [
              -46.9566650172058,
              -22.379180282153
            ],
            [
              -46.9566281339236,
              -22.379113852566
            ],
            [
              -46.9564337885224,
              -22.379173525472
            ],
            [
              -46.9562316159497,
              -22.3779387689095
            ],
            [
              -46.9564226943916,
              -22.3780128873957
            ],
            [
              -46.9565877620284,
              -22.3780634360698
            ],
            [
              -46.9568504693015,
              -22.3781175802264
            ],
            [
              -46.9570874328951,
              -22.3781672585823
            ],
            [
              -46.9573239289068,
              -22.3781835043655
            ],
            [
              -46.9575961054902,
              -22.3781802106321
            ],
            [
              -46.9579401777023,
              -22.3781760462014
            ],
            [
              -46.9581449923007,
              -22.3781305753728
            ],
            [
              -46.9583498735978,
              -22.3780898803214
            ],
            [
              -46.9585799637306,
              -22.3780154419267
            ],
            [
              -46.958687138444,
              -22.3779663758229
            ],
            [
              -46.9591416233729,
              -22.3788780241942
            ],
            [
              -46.9584430840117,
              -22.3792447462229
            ],
            [
              -46.9581613699544,
              -22.3793007021729
            ],
            [
              -46.9580227129022,
              -22.3793023807335
            ],
            [
              -46.9579261420412,
              -22.3793752022923
            ],
            [
              -46.9578908623023,
              -22.3794233977163
            ],
            [
              -46.957743805614,
              -22.3795589291677
            ],
            [
              -46.9571456965014,
              -22.3797620178356
            ]
          ]
        ]
      },
      "properties": {
        "EXPEDIENTE DISPENSA": "347/2024-D",
        "ANO ENTRADA": 2024,
        "MUNICIPIO": "MOGI GUACU",
        "PROPRIETARIO": "CACHOEIRA DE BAIXO MOGI GUAÇU SPE LTDA.",
        "LOCALIZAÇÃO/ENDEREÇO": "AV. PREFEITO NICO LANZI, S/N°, IMÓVEL ÁREA 01 - CACHOEIRA DE BAIXO - REMANESCENTE",
        "Nº DE UNIDADES HABITACIONAIS": 13,
        "ÁREA TOTAL DA GLEBA/M²": "39859.300000000003",
        "TIPOLOGIA DA CONSTRUÇÃO": null,
        "DATA DO CERTIFICADO": "2024-12-17T00:00:00",
        "SITUAÇÃO": "DISPENSADO"
      }
    },
    {
      "type": "Feature",
      "geometry": {
        "type": "Polygon",
        "coordinates": [
          [
            [
              -50.5412931041547,
              -19.9442239262812
            ],
            [
              -50.5422447466376,
              -19.9442879396468
            ],
            [
              -50.5424174910053,
              -19.9421385906652
            ],
            [
              -50.5414172580081,
              -19.9421028954343
            ],
            [
              -50.5412931041547,
              -19.9442239262812
            ]
          ]
        ]
      },
      "properties": {
        "EXPEDIENTE DISPENSA": "724/2024-D",
        "ANO ENTRADA": 2024,
        "MUNICIPIO": "POPULINA",
        "PROPRIETARIO": "IRMÃOS CLEMENTE LOTEAMENTO LTDA.",
        "LOCALIZAÇÃO/ENDEREÇO": "RUA QUATORZE DE JULHO, S/N°",
        "Nº DE UNIDADES HABITACIONAIS": 21,
        "ÁREA TOTAL DA GLEBA/M²": "23841",
        "TIPOLOGIA DA CONSTRUÇÃO": null,
        "DATA DO CERTIFICADO": "2025-01-21T00:00:00",
        "SITUAÇÃO": "DISPENSADO"
      }
    },
    {
      "type": "Feature",
      "geometry": {
        "type": "Polygon",
        "coordinates": [
          [
            [
              -47.3853010372611,
              -22.1648466346964
            ],
            [
              -47.3854641824952,
              -22.1642338787183
            ],
            [
              -47.3863624565592,
              -22.1643320812535
            ],
            [
              -47.3865572489205,
              -22.1649628481098
            ],
            [
              -47.3853010372611,
              -22.1648466346964
            ]
          ]
        ]
      },
      "properties": {
        "EXPEDIENTE DISPENSA": "8/2025-D",
        "ANO ENTRADA": 2025,
        "MUNICIPIO": "LEME",
        "PROPRIETARIO": "VLAMIR MARCHETO E ADRIANA PÉCORA DE CASTRO MARCHETO",
        "LOCALIZAÇÃO/ENDEREÇO": "RUA ADHOLFO SCHWENGER, S/N°, JARDIM DAS PALMEIRAS",
        "Nº DE UNIDADES HABITACIONAIS": 7,
        "ÁREA TOTAL DA GLEBA/M²": "6753.46",
        "TIPOLOGIA DA CONSTRUÇÃO": null,
        "DATA DO CERTIFICADO": "2025-02-11T00:00:00",
        "SITUAÇÃO": "DISPENSADO"
      }
    },
    {
      "type": "Feature",
      "geometry": {
        "type": "Polygon",
        "coordinates": [
          [
            [
              -51.0629051251903,
              -21.6793105482197
            ],
            [
              -51.0626726475695,
              -21.6789722044331
            ],
            [
              -51.0615663987106,
              -21.6796446627993
            ],
            [
              -51.0607242908284,
              -21.6784463784847
            ],
            [
              -51.059997786671,
              -21.6790096876976
            ],
            [
              -51.0609739633012,
              -21.6805601235597
            ],
            [
              -51.0629051251903,
              -21.6793105482197
            ]
          ]
        ]
      },
      "properties": {
        "EXPEDIENTE DISPENSA": "161/2025-D",
        "ANO ENTRADA": 2025,
        "MUNICIPIO": "ADAMANTINA",
        "PROPRIETARIO": "SIDNEI ALZIDIO PINTO e SÔNIA TERRAZ PINTO",
        "LOCALIZAÇÃO/ENDEREÇO": "RUA QUINTINO BOCAIÚVA E AV. HERMENEGILDO LOPES PEDROSO",
        "Nº DE UNIDADES HABITACIONAIS": 7,
        "ÁREA TOTAL DA GLEBA/M²": "23318.080000000002",
        "TIPOLOGIA DA CONSTRUÇÃO": null,
        "DATA DO CERTIFICADO": "2025-03-11T00:00:00",
        "SITUAÇÃO": "DISPENSADO"
      }
    },
    {
      "type": "Feature",
      "geometry": {
        "type": "Polygon",
        "coordinates": [
          [
            [
              -47.3011404364898,
              -21.2676403213607
            ],
            [
              -47.3021258895804,
              -21.2683026037698
            ],
            [
              -47.3025867261216,
              -21.2683746517205
            ],
            [
              -47.3025436000716,
              -21.2680651149249
            ],
            [
              -47.3024726915783,
              -21.2679844721056
            ],
            [
              -47.3023804344843,
              -21.2678747406924
            ],
            [
              -47.3023546390596,
              -21.267783687632
            ],
            [
              -47.3023168745085,
              -21.2675948635111
            ],
            [
              -47.3022453862267,
              -21.2672530693578
            ],
            [
              -47.3022184232106,
              -21.2670869489623
            ],
            [
              -47.3022076005263,
              -21.2668389957041
            ],
            [
              -47.3022140351626,
              -21.266581013086
            ],
            [
              -47.3022187649656,
              -21.2664373108989
            ],
            [
              -47.3019711432882,
              -21.266414579415
            ],
            [
              -47.3019401824983,
              -21.2666631037903
            ],
            [
              -47.3011404364898,
              -21.2676403213607
            ]
          ]
        ]
      },
      "properties": {
        "EXPEDIENTE DISPENSA": "143/2025-D",
        "ANO ENTRADA": 2025,
        "MUNICIPIO": "CAJURU",
        "PROPRIETARIO": "JARDIM COMERCIAL MONTE LÍBANO SPE LTDA.",
        "LOCALIZAÇÃO/ENDEREÇO": "AVENIDA SANTO ANTÔNIO DA ALEGRIA",
        "Nº DE UNIDADES HABITACIONAIS": 20,
        "ÁREA TOTAL DA GLEBA/M²": "14892.44",
        "TIPOLOGIA DA CONSTRUÇÃO": null,
        "DATA DO CERTIFICADO": "2025-04-08T00:00:00",
        "SITUAÇÃO": "DISPENSADO"
      }
    },
    {
      "type": "Feature",
      "geometry": {
        "type": "Polygon",
        "coordinates": [
          [
            [
              -46.4375681419516,
              -23.5656788486127
            ],
            [
              -46.4387242416185,
              -23.5650842834391
            ],
            [
              -46.4384891503429,
              -23.5647064433395
            ],
            [
              -46.4386977159433,
              -23.5645936426476
            ],
            [
              -46.4384445882823,
              -23.5641713451537
            ],
            [
              -46.4381954881017,
              -23.5643601774678
            ],
            [
              -46.4380511232014,
              -23.5644268162091
            ],
            [
              -46.4378822126153,
              -23.5644710119732
            ],
            [
              -46.4375382064129,
              -23.5656839063817
            ],
            [
              -46.4375681419516,
              -23.5656788486127
            ]
          ]
        ]
      },
      "properties": {
        "EXPEDIENTE DISPENSA": "160/2025-D",
        "ANO ENTRADA": 2025,
        "MUNICIPIO": "SAO PAULO",
        "PROPRIETARIO": "PLANO CONGO EMPREENDIMENTOS IMOBILIÁRIOS LTDA",
        "LOCALIZAÇÃO/ENDEREÇO": "RUA IONEJI MATSUBAYASHI, S/N°, JOSÉ BONIFÁCIO, DISTRITO JOSÉ BONIFÁCIO",
        "Nº DE UNIDADES HABITACIONAIS": 2,
        "ÁREA TOTAL DA GLEBA/M²": "39593.949999999997",
        "TIPOLOGIA DA CONSTRUÇÃO": null,
        "DATA DO CERTIFICADO": "2025-04-15T00:00:00",
        "SITUAÇÃO": "DISPENSADO"
      }
    },
    {
      "type": "Feature",
      "geometry": {
        "type": "Polygon",
        "coordinates": [
          [
            [
              -49.3812000656242,
              -23.1762625340243
            ],
            [
              -49.3816181703956,
              -23.1763870647366
            ],
            [
              -49.3812706860127,
              -23.1770850507641
            ],
            [
              -49.3811877369122,
              -23.1772272314071
            ],
            [
              -49.3811357493757,
              -23.1774642480778
            ],
            [
              -49.3808745883749,
              -23.178001555334
            ],
            [
              -49.3807250392376,
              -23.1785431124779
            ],
            [
              -49.380707650137,
              -23.1787423572262
            ],
            [
              -49.3804468446112,
              -23.1785582290388
            ],
            [
              -49.3807574976232,
              -23.177585215104
            ],
            [
              -49.3809957525825,
              -23.1770779925623
            ],
            [
              -49.3811347062052,
              -23.176455754571
            ],
            [
              -49.3812000656242,
              -23.1762625340243
            ]
          ]
        ]
      },
      "properties": {
        "EXPEDIENTE DISPENSA": "307/2025-D",
        "ANO ENTRADA": 2025,
        "MUNICIPIO": "PIRAJU",
        "PROPRIETARIO": "LOTEAMENTO ALTO DE SANTA MARIA II SPE LTDA",
        "LOCALIZAÇÃO/ENDEREÇO": "RUA SILVIO BARREIROS DA MOTTA, RUA MESSIAS DO NASCIMENTO, ÁREA A",
        "Nº DE UNIDADES HABITACIONAIS": 25,
        "ÁREA TOTAL DA GLEBA/M²": "7472.95",
        "TIPOLOGIA DA CONSTRUÇÃO": null,
        "DATA DO CERTIFICADO": "2025-05-20T00:00:00",
        "SITUAÇÃO": "DISPENSADO"
      }
    },
    {
      "type": "Feature",
      "geometry": {
        "type": "Polygon",
        "coordinates": [
          [
            [
              -46.6595890371727,
              -23.5264461044101
            ],
            [
              -46.6597427837719,
              -23.5266343049642
            ],
            [
              -46.6588539777203,
              -23.5272244695503
            ],
            [
              -46.6580695625576,
              -23.5279307714374
            ],
            [
              -46.6572164216941,
              -23.5270185751608
            ],
            [
              -46.6595890371727,
              -23.5264461044101
            ]
          ]
        ]
      },
      "properties": {
        "EXPEDIENTE DISPENSA": "347/2025-D",
        "ANO ENTRADA": 2025,
        "MUNICIPIO": "SAO PAULO",
        "PROPRIETARIO": "FUNDO DE INVESTIMENTO IMOBILIÁRIO DO ESTADO DE SÃO PAULO",
        "LOCALIZAÇÃO/ENDEREÇO": "RUA BARRA FUNDA, N° 930, 1.020, 1.028, 1.030, 1.032 E 1.038, BAIRRO BARRA FUNDA, DISTRITO SANTA CECÍLIA",
        "Nº DE UNIDADES HABITACIONAIS": 2,
        "ÁREA TOTAL DA GLEBA/M²": "20055.5",
        "TIPOLOGIA DA CONSTRUÇÃO": null,
        "DATA DO CERTIFICADO": "2025-06-03T00:00:00",
        "SITUAÇÃO": "DISPENSADO"
      }
    },
    {
      "type": "Feature",
      "geometry": {
        "type": "Polygon",
        "coordinates": [
          [
            [
              -46.6011974303625,
              -23.6476409484105
            ],
            [
              -46.6023135756681,
              -23.6490854501127
            ],
            [
              -46.6024042491737,
              -23.6491671246918
            ],
            [
              -46.6029001947342,
              -23.6487764751282
            ],
            [
              -46.6034067977811,
              -23.6486473180457
            ],
            [
              -46.6030667857045,
              -23.6471156307826
            ],
            [
              -46.6024540784665,
              -23.6465092606556
            ],
            [
              -46.6011974303625,
              -23.6476409484105
            ]
          ]
        ]
      },
      "properties": {
        "EXPEDIENTE DISPENSA": "351/2025-D",
        "ANO ENTRADA": 2025,
        "MUNICIPIO": "SAO PAULO",
        "PROPRIETARIO": "MMH EMPREENDIMENTOS IMOBILIÁRIOS E COMERCIAIS LTDA",
        "LOCALIZAÇÃO/ENDEREÇO": "RUA DOS CARIRIS NOVOS, S/N°, GLEBA 2, RUA JOÃO JOSÉ DA SILVA, BAIRRO JARDIM SANTA EMÍLIA",
        "Nº DE UNIDADES HABITACIONAIS": 3,
        "ÁREA TOTAL DA GLEBA/M²": "36716.53",
        "TIPOLOGIA DA CONSTRUÇÃO": null,
        "DATA DO CERTIFICADO": "2025-06-10T00:00:00",
        "SITUAÇÃO": "DISPENSADO"
      }
    },
    {
      "type": "Feature",
      "geometry": {
        "type": "Polygon",
        "coordinates": [
          [
            [
              -46.5540591790398,
              -23.50983471551
            ],
            [
              -46.5533393685938,
              -23.5092633893734
            ],
            [
              -46.5532852359843,
              -23.5092194287149
            ],
            [
              -46.5523435129814,
              -23.509841939887
            ],
            [
              -46.5522418545091,
              -23.5103176270123
            ],
            [
              -46.5528676901086,
              -23.5115623495267
            ],
            [
              -46.5538932042322,
              -23.5112257805468
            ],
            [
              -46.5536324131771,
              -23.510476816663
            ],
            [
              -46.5537842889263,
              -23.5101687412747
            ],
            [
              -46.5541243244531,
              -23.5099032885324
            ],
            [
              -46.5540591790398,
              -23.50983471551
            ]
          ]
        ]
      },
      "properties": {
        "EXPEDIENTE DISPENSA": "419/2025-D",
        "ANO ENTRADA": 2025,
        "MUNICIPIO": "SAO PAULO",
        "PROPRIETARIO": "CBR MAGIK LZ 16 EMPREENDIMENTOS IMOBILIÁRIOS LTDA.",
        "LOCALIZAÇÃO/ENDEREÇO": "AV. CONDESSA ELISABETH DE ROBIANO, N° 5.748 - 5.808, JD. AMÉRICA DA PENHA, DISTRITO PENHA",
        "Nº DE UNIDADES HABITACIONAIS": 3,
        "ÁREA TOTAL DA GLEBA/M²": "29918.21",
        "TIPOLOGIA DA CONSTRUÇÃO": null,
        "DATA DO CERTIFICADO": "2025-07-01T00:00:00",
        "SITUAÇÃO": "DISPENSADO"
      }
    },
    {
      "type": "Feature",
      "geometry": {
        "type": "Polygon",
        "coordinates": [
          [
            [
              -49.77584504758,
              -20.4723073102032
            ],
            [
              -49.7756865067655,
              -20.473635222312
            ],
            [
              -49.7760879033348,
              -20.473490598913
            ],
            [
              -49.7761709800899,
              -20.4736765214431
            ],
            [
              -49.776259405834,
              -20.4736194442204
            ],
            [
              -49.7762244391505,
              -20.4733229131394
            ],
            [
              -49.7760431959019,
              -20.4726722033063
            ],
            [
              -49.775932490926,
              -20.4724263283405
            ],
            [
              -49.77584504758,
              -20.4723073102032
            ]
          ]
        ]
      },
      "properties": {
        "EXPEDIENTE DISPENSA": "52/2025-D",
        "ANO ENTRADA": 2025,
        "MUNICIPIO": "COSMORAMA",
        "PROPRIETARIO": "MARCELO RIGAMONTE FROTA E OUTRA",
        "LOCALIZAÇÃO/ENDEREÇO": "AV. FELICIO RODRIGUES SOBRINHO, S/N.°, CENTRO",
        "Nº DE UNIDADES HABITACIONAIS": 19,
        "ÁREA TOTAL DA GLEBA/M²": "5313.21",
        "TIPOLOGIA DA CONSTRUÇÃO": null,
        "DATA DO CERTIFICADO": "2025-01-28T00:00:00",
        "SITUAÇÃO": "DISPENSADO"
      }
    },
    {
      "type": "Feature",
      "geometry": {
        "type": "Polygon",
        "coordinates": [
          [
            [
              -48.1230888696281,
              -22.2906372849975
            ],
            [
              -48.1222483420015,
              -22.2907553735781
            ],
            [
              -48.1227278752118,
              -22.2931153657245
            ],
            [
              -48.1229811373321,
              -22.2936709497916
            ],
            [
              -48.1235156581977,
              -22.2935791316167
            ],
            [
              -48.1230888696281,
              -22.2906372849975
            ]
          ]
        ]
      },
      "properties": {
        "EXPEDIENTE DISPENSA": "401/2025-D",
        "ANO ENTRADA": 2025,
        "MUNICIPIO": "BROTAS",
        "PROPRIETARIO": "ALCIDES APARECIDO PASQUALOTTI",
        "LOCALIZAÇÃO/ENDEREÇO": "AV. PAULO D' ELBOUX GUIMARÃES, S/N°, GLEBA 6B, BAIRRO CAJU",
        "Nº DE UNIDADES HABITACIONAIS": 10,
        "ÁREA TOTAL DA GLEBA/M²": "24153.4",
        "TIPOLOGIA DA CONSTRUÇÃO": null,
        "DATA DO CERTIFICADO": "2025-07-22T00:00:00",
        "SITUAÇÃO": "DISPENSADO"
      }
    },
    {
      "type": "Feature",
      "geometry": {
        "type": "Polygon",
        "coordinates": [
          [
            [
              -50.1390764601266,
              -21.0763769659119
            ],
            [
              -50.1388312970852,
              -21.0763598927289
            ],
            [
              -50.1389510583867,
              -21.0756319418604
            ],
            [
              -50.1391339339668,
              -21.075633076583
            ],
            [
              -50.1390764601266,
              -21.0763769659119
            ]
          ]
        ]
      },
      "properties": {
        "EXPEDIENTE DISPENSA": "392/2025-D",
        "ANO ENTRADA": 2025,
        "MUNICIPIO": "BURITAMA",
        "PROPRIETARIO": "CARLOS ALBERTO TEIXEIRA ROSA",
        "LOCALIZAÇÃO/ENDEREÇO": "AV. VICENTE JOSÉ TRINDADE",
        "Nº DE UNIDADES HABITACIONAIS": 7,
        "ÁREA TOTAL DA GLEBA/M²": "1837.95",
        "TIPOLOGIA DA CONSTRUÇÃO": null,
        "DATA DO CERTIFICADO": "2025-07-29T00:00:00",
        "SITUAÇÃO": "DISPENSADO"
      }
    },
    {
      "type": "Feature",
      "geometry": {
        "type": "Polygon",
        "coordinates": [
          [
            [
              -46.7122334120075,
              -23.6755125374248
            ],
            [
              -46.7082883727847,
              -23.6758038920062
            ],
            [
              -46.7079039356795,
              -23.6766074545423
            ],
            [
              -46.7085175238003,
              -23.6767405680707
            ],
            [
              -46.7086522342476,
              -23.6767550683268
            ],
            [
              -46.708756833064,
              -23.6767898837641
            ],
            [
              -46.7088613799496,
              -23.6768207030896
            ],
            [
              -46.7089574572309,
              -23.6768676022483
            ],
            [
              -46.7090097307186,
              -23.6768830118492
            ],
            [
              -46.7090097307186,
              -23.6768830118492
            ],
            [
              -46.7094399994197,
              -23.6769342156637
            ],
            [
              -46.7098848148455,
              -23.6767694407277
            ],
            [
              -46.710183806229,
              -23.6770698816186
            ],
            [
              -46.7105047212302,
              -23.6770543476188
            ],
            [
              -46.7110720293087,
              -23.6766324334207
            ],
            [
              -46.711462797773,
              -23.6763163801148
            ],
            [
              -46.7116778446816,
              -23.6765018440491
            ],
            [
              -46.711829250103,
              -23.6761324827146
            ],
            [
              -46.7122334120075,
              -23.6755125374248
            ]
          ]
        ]
      },
      "properties": {
        "EXPEDIENTE DISPENSA": "529/2025-D",
        "ANO ENTRADA": 2025,
        "MUNICIPIO": "SAO PAULO",
        "PROPRIETARIO": "TUPI INCOPORADORA LTDA.",
        "LOCALIZAÇÃO/ENDEREÇO": "AV. DO RIO BONITO, RUA OLÍVIA GUEDES PENTEADO, BAIRRO VELEIROS, DISTRITO SOCORRO",
        "Nº DE UNIDADES HABITACIONAIS": 3,
        "ÁREA TOTAL DA GLEBA/M²": "38977.269999999997",
        "TIPOLOGIA DA CONSTRUÇÃO": null,
        "DATA DO CERTIFICADO": "2025-07-29T00:00:00",
        "SITUAÇÃO": "DISPENSADO"
      }
    },
    {
      "type": "Feature",
      "geometry": {
        "type": "Polygon",
        "coordinates": [
          [
            [
              -46.7609066639274,
              -21.967814165349
            ],
            [
              -46.7609074435222,
              -21.9676149504494
            ],
            [
              -46.7608776924346,
              -21.967563958823
            ],
            [
              -46.760845003637,
              -21.9675371449507
            ],
            [
              -46.7607993360774,
              -21.96750745201
            ],
            [
              -46.7607604741693,
              -21.9675048505849
            ],
            [
              -46.7606733790136,
              -21.9675269127544
            ],
            [
              -46.7603926809989,
              -21.9675933071802
            ],
            [
              -46.7602669841489,
              -21.9676338928003
            ],
            [
              -46.760160290476,
              -21.9676410734607
            ],
            [
              -46.7600730091649,
              -21.9676480459075
            ],
            [
              -46.7600371222806,
              -21.9676242844398
            ],
            [
              -46.7592001595808,
              -21.9674521593404
            ],
            [
              -46.7589470908667,
              -21.967660114527
            ],
            [
              -46.7589550483788,
              -21.967780760584
            ],
            [
              -46.7590393546579,
              -21.9677949485869
            ],
            [
              -46.7591398751305,
              -21.9678119810664
            ],
            [
              -46.7592402469262,
              -21.9678169419451
            ],
            [
              -46.7593374576749,
              -21.9678279732072
            ],
            [
              -46.7594413623082,
              -21.9678570423574
            ],
            [
              -46.7595776953677,
              -21.9678918003934
            ],
            [
              -46.7596849842237,
              -21.9679329062356
            ],
            [
              -46.7597659064926,
              -21.967935057004
            ],
            [
              -46.7599213545997,
              -21.9679454635641
            ],
            [
              -46.7600604397436,
              -21.9679409540175
            ],
            [
              -46.7602254452854,
              -21.9679391846827
            ],
            [
              -46.7604161852321,
              -21.9679250660688
            ],
            [
              -46.7605292382894,
              -21.9679087621816
            ],
            [
              -46.760674496505,
              -21.9678800396608
            ],
            [
              -46.7607326593014,
              -21.9678733792286
            ],
            [
              -46.7609066639274,
              -21.967814165349
            ]
          ]
        ]
      },
      "properties": {
        "EXPEDIENTE DISPENSA": "561/2025-D",
        "ANO ENTRADA": 2025,
        "MUNICIPIO": "SAO JOAO DA BOA VISTA",
        "PROPRIETARIO": "CONDOMÍNIO SERRA DO PRATA LTDA.",
        "LOCALIZAÇÃO/ENDEREÇO": "AV. DOUTOR DURVAL NICOLAU, JARDIM NOVA SÃO JOÃO",
        "Nº DE UNIDADES HABITACIONAIS": 7,
        "ÁREA TOTAL DA GLEBA/M²": "7191.03",
        "TIPOLOGIA DA CONSTRUÇÃO": null,
        "DATA DO CERTIFICADO": "2025-08-05T00:00:00",
        "SITUAÇÃO": "DISPENSADO"
      }
    },
    {
      "type": "Feature",
      "geometry": {
        "type": "Polygon",
        "coordinates": [
          [
            [
              -50.3950514694181,
              -22.7466945308178
            ],
            [
              -50.3951584557835,
              -22.7468516013527
            ],
            [
              -50.3949279146208,
              -22.7469967305458
            ],
            [
              -50.3948343159656,
              -22.7468596584022
            ],
            [
              -50.3948343159656,
              -22.7468596584022
            ],
            [
              -50.3948447168049,
              -22.7468037935468
            ],
            [
              -50.3950514694181,
              -22.7466945308178
            ]
          ]
        ]
      },
      "properties": {
        "EXPEDIENTE DISPENSA": "675/2024-D",
        "ANO ENTRADA": 2024,
        "MUNICIPIO": "CANDIDO MOTA",
        "PROPRIETARIO": "APARECIDA PANARO BERTONI E OUTROS",
        "LOCALIZAÇÃO/ENDEREÇO": "RUA ALBERTO ZUNTA, RUA ANTÔNIO PIPOLO SOBRINHO E RUA DONA ELVIRA VIEIRA",
        "Nº DE UNIDADES HABITACIONAIS": 12,
        "ÁREA TOTAL DA GLEBA/M²": "5478.39",
        "TIPOLOGIA DA CONSTRUÇÃO": null,
        "DATA DO CERTIFICADO": "2025-08-05T00:00:00",
        "SITUAÇÃO": "DISPENSADO"
      }
    },
    {
      "type": "Feature",
      "geometry": {
        "type": "Polygon",
        "coordinates": [
          [
            [
              -48.3341810892398,
              -21.2386122377056
            ],
            [
              -48.3342089871605,
              -21.2386116857062
            ],
            [
              -48.3342089871605,
              -21.2386116857062
            ],
            [
              -48.3342391998046,
              -21.2385761985813
            ],
            [
              -48.3343232898913,
              -21.2374900583517
            ],
            [
              -48.3342912457585,
              -21.2374441732881
            ],
            [
              -48.3342475222549,
              -21.2374305011819
            ],
            [
              -48.3337979938368,
              -21.2374364874278
            ],
            [
              -48.3337194452619,
              -21.23849344375
            ],
            [
              -48.3341810892398,
              -21.2386122377056
            ]
          ]
        ]
      },
      "properties": {
        "EXPEDIENTE DISPENSA": "461/2025-D",
        "ANO ENTRADA": 2025,
        "MUNICIPIO": "JABOTICABAL",
        "PROPRIETARIO": "FDB EMPREENDIMENTOS JABOTICABAL LTDA.",
        "LOCALIZAÇÃO/ENDEREÇO": "ALAMEDA HOMERO BORSARI, S/N°, ESQUINA DA RUA DALVA DA SILVA, BAIRRO VALE DO SOL",
        "Nº DE UNIDADES HABITACIONAIS": 16,
        "ÁREA TOTAL DA GLEBA/M²": "5900.44",
        "TIPOLOGIA DA CONSTRUÇÃO": null,
        "DATA DO CERTIFICADO": "2025-08-12T00:00:00",
        "SITUAÇÃO": "DISPENSADO"
      }
    },
    {
      "type": "Feature",
      "geometry": {
        "type": "Polygon",
        "coordinates": [
          [
            [
              -51.0616824987684,
              -21.705591769492
            ],
            [
              -51.0615213733434,
              -21.7054597520773
            ],
            [
              -51.0604252552896,
              -21.7067152667739
            ],
            [
              -51.0606064533851,
              -21.7068502764321
            ],
            [
              -51.0616824987684,
              -21.705591769492
            ]
          ]
        ]
      },
      "properties": {
        "EXPEDIENTE DISPENSA": "488/2025-D",
        "ANO ENTRADA": 2025,
        "MUNICIPIO": "ADAMANTINA",
        "PROPRIETARIO": "MARIO DORIGO E OUTROS",
        "LOCALIZAÇÃO/ENDEREÇO": "RUA CONSTANT ORTOLAN, QUADRA ÚNICA, ANEXO A ESTÂNCIA DORIGO E DESMEMBRAMENTO ESTÂNCIA DORIGO II",
        "Nº DE UNIDADES HABITACIONAIS": 13,
        "ÁREA TOTAL DA GLEBA/M²": "2670",
        "TIPOLOGIA DA CONSTRUÇÃO": null,
        "DATA DO CERTIFICADO": "2025-08-12T00:00:00",
        "SITUAÇÃO": "DISPENSADO"
      }
    },
    {
      "type": "Feature",
      "geometry": {
        "type": "Polygon",
        "coordinates": [
          [
            [
              -49.3227485330663,
              -20.5448101566254
            ],
            [
              -49.3222602669143,
              -20.5444606563496
            ],
            [
              -49.3225422206547,
              -20.5441156294968
            ],
            [
              -49.3230153629123,
              -20.5444496949555
            ],
            [
              -49.3227485330663,
              -20.5448101566254
            ]
          ]
        ]
      },
      "properties": {
        "EXPEDIENTE DISPENSA": "521/2025-D",
        "ANO ENTRADA": 2025,
        "MUNICIPIO": "NOVA GRANADA",
        "PROPRIETARIO": "ARIANE DABIEN GARRIDO BARROSO",
        "LOCALIZAÇÃO/ENDEREÇO": "RUA JOSÉ JERÔNIMO SIMÃO, BAIRRO DA ESTAÇÃO, QUADRA T",
        "Nº DE UNIDADES HABITACIONAIS": 12,
        "ÁREA TOTAL DA GLEBA/M²": "2750",
        "TIPOLOGIA DA CONSTRUÇÃO": null,
        "DATA DO CERTIFICADO": "2025-08-26T00:00:00",
        "SITUAÇÃO": "DISPENSADO"
      }
    },
    {
      "type": "Feature",
      "geometry": {
        "type": "Polygon",
        "coordinates": [
          [
            [
              -49.0391804851913,
              -22.0515304821148
            ],
            [
              -49.0391992504369,
              -22.051819793513
            ],
            [
              -49.0373221723527,
              -22.0518612636452
            ],
            [
              -49.0372229210379,
              -22.0516132314224
            ],
            [
              -49.0372350369248,
              -22.0515760962322
            ],
            [
              -49.0372687704748,
              -22.0515580728288
            ],
            [
              -49.0391804851913,
              -22.0515304821148
            ]
          ]
        ]
      },
      "properties": {
        "EXPEDIENTE DISPENSA": "543/2023-D",
        "ANO ENTRADA": 2023,
        "MUNICIPIO": "AREALVA",
        "PROPRIETARIO": "MARIO ZANIN FERREIRA E OUTROS",
        "LOCALIZAÇÃO/ENDEREÇO": "RUA ABRAÃO CAROLINO CARNEIRO, QUARTEIRÃO 04 E 05, LADO ÍMPAR",
        "Nº DE UNIDADES HABITACIONAIS": 17,
        "ÁREA TOTAL DA GLEBA/M²": "5917.19",
        "TIPOLOGIA DA CONSTRUÇÃO": null,
        "DATA DO CERTIFICADO": "2025-09-16T00:00:00",
        "SITUAÇÃO": "DISPENSADO"
      }
    },
    {
      "type": "Feature",
      "geometry": {
        "type": "Polygon",
        "coordinates": [
          [
            [
              -49.3898500264628,
              -21.0439751897358
            ],
            [
              -49.3893452964441,
              -21.0439996849929
            ],
            [
              -49.3893091211241,
              -21.0440120549988
            ],
            [
              -49.3892827443996,
              -21.0440470392964
            ],
            [
              -49.3892827443996,
              -21.0440470392964
            ],
            [
              -49.3891842952819,
              -21.044738480691
            ],
            [
              -49.3897203762984,
              -21.0447446174766
            ],
            [
              -49.3898500264628,
              -21.0439751897358
            ]
          ]
        ]
      },
      "properties": {
        "EXPEDIENTE DISPENSA": "575/2025-D",
        "ANO ENTRADA": 2025,
        "MUNICIPIO": "POTIRENDABA",
        "PROPRIETARIO": "MUNICÍPIO DE POTIRENDABA",
        "LOCALIZAÇÃO/ENDEREÇO": "RUA JOÃO BATISTA AFONSO, LADO ÍMPAR, ESQUINA COM A RUA CATARINA BARIVIELI PASTORELLI, LADO ÍMPAR, QUADRA 352",
        "Nº DE UNIDADES HABITACIONAIS": 15,
        "ÁREA TOTAL DA GLEBA/M²": "4684.3900000000003",
        "TIPOLOGIA DA CONSTRUÇÃO": null,
        "DATA DO CERTIFICADO": "2025-09-16T00:00:00",
        "SITUAÇÃO": "DISPENSADO"
      }
    },
    {
      "type": "Feature",
      "geometry": {
        "type": "Polygon",
        "coordinates": [
          [
            [
              -48.1480067226092,
              -21.186952465654
            ],
            [
              -48.1474716437076,
              -21.1870443606514
            ],
            [
              -48.1471667796525,
              -21.185481413062
            ],
            [
              -48.1471786866825,
              -21.1854326455526
            ],
            [
              -48.1476168109281,
              -21.1853455933322
            ],
            [
              -48.1476628551376,
              -21.1853811443011
            ],
            [
              -48.1480067226092,
              -21.186952465654
            ]
          ]
        ]
      },
      "properties": {
        "EXPEDIENTE DISPENSA": "640/2025-D",
        "ANO ENTRADA": 2025,
        "MUNICIPIO": "BARRINHA",
        "PROPRIETARIO": "PREFEITURA MUNICIPAL DE BARRINHA",
        "LOCALIZAÇÃO/ENDEREÇO": "RUA FRANCISCO MORAES, JARDIM FLORENTINO BINHARDI",
        "Nº DE UNIDADES HABITACIONAIS": 50,
        "ÁREA TOTAL DA GLEBA/M²": "9151.7199999999993",
        "TIPOLOGIA DA CONSTRUÇÃO": null,
        "DATA DO CERTIFICADO": "2025-09-16T00:00:00",
        "SITUAÇÃO": "DISPENSADO"
      }
    },
    {
      "type": "Feature",
      "geometry": {
        "type": "Polygon",
        "coordinates": [
          [
            [
              -47.7633211593741,
              -23.1574272114135
            ],
            [
              -47.7629784105625,
              -23.1575458786962
            ],
            [
              -47.7627525288065,
              -23.1570929764934
            ],
            [
              -47.7625315659975,
              -23.1572095056593
            ],
            [
              -47.7625298969548,
              -23.1571281752123
            ],
            [
              -47.7625298969548,
              -23.1571281752123
            ],
            [
              -47.7631861463523,
              -23.1567849618587
            ],
            [
              -47.7633211593741,
              -23.1574272114135
            ]
          ]
        ]
      },
      "properties": {
        "EXPEDIENTE DISPENSA": "242/2025-D",
        "ANO ENTRADA": 2025,
        "MUNICIPIO": "CERQUILHO",
        "PROPRIETARIO": "LUIZ BENEDITO PAGOTTO",
        "LOCALIZAÇÃO/ENDEREÇO": "RUA HERMÍNIA BALDACIN FERRARI, S/N°, LOTE 34, QUADRA C",
        "Nº DE UNIDADES HABITACIONAIS": 7,
        "ÁREA TOTAL DA GLEBA/M²": "3454.16",
        "TIPOLOGIA DA CONSTRUÇÃO": null,
        "DATA DO CERTIFICADO": "2025-06-17T00:00:00",
        "SITUAÇÃO": "DISPENSADO"
      }
    },
    {
      "type": "Feature",
      "geometry": {
        "type": "Polygon",
        "coordinates": [
          [
            [
              -46.7165001922876,
              -23.6504000615396
            ],
            [
              -46.7165456768508,
              -23.6497959521924
            ],
            [
              -46.7162851242405,
              -23.6498234186479
            ],
            [
              -46.7162398803519,
              -23.6495371386094
            ],
            [
              -46.7156082001207,
              -23.6495250127164
            ],
            [
              -46.715375937875,
              -23.6491088217411
            ],
            [
              -46.7148016036952,
              -23.6488221508842
            ],
            [
              -46.7142850191598,
              -23.6486889041952
            ],
            [
              -46.7141557560055,
              -23.6488353361445
            ],
            [
              -46.7141043576682,
              -23.6489174683991
            ],
            [
              -46.7143014409649,
              -23.6489424768302
            ],
            [
              -46.7142935380802,
              -23.649845808469
            ],
            [
              -46.7148349797506,
              -23.6498730489929
            ],
            [
              -46.7148742657435,
              -23.6503710600249
            ],
            [
              -46.7165001922876,
              -23.6504000615396
            ]
          ]
        ]
      },
      "properties": {
        "EXPEDIENTE DISPENSA": "668/2025-D",
        "ANO ENTRADA": 2025,
        "MUNICIPIO": "SAO PAULO",
        "PROPRIETARIO": "VR ALUGUÉIS E SERVICOS S.A.",
        "LOCALIZAÇÃO/ENDEREÇO": "RUA ADA NEGRI X RUA FRANCISCO ARVANI X RUA GIBRALTAR, SANTO AMARO, DISTRITO DE SANTO AMARO",
        "Nº DE UNIDADES HABITACIONAIS": 2,
        "ÁREA TOTAL DA GLEBA/M²": "27318.880000000001",
        "TIPOLOGIA DA CONSTRUÇÃO": null,
        "DATA DO CERTIFICADO": "2025-09-30T00:00:00",
        "SITUAÇÃO": "DISPENSADO"
      }
    },
    {
      "type": "Feature",
      "geometry": {
        "type": "Polygon",
        "coordinates": [
          [
            [
              -46.7535892927139,
              -23.6166436637356
            ],
            [
              -46.7531924675638,
              -23.6158912545882
            ],
            [
              -46.7533152905866,
              -23.6156495832151
            ],
            [
              -46.7537976179541,
              -23.6153157449729
            ],
            [
              -46.7542191854443,
              -23.6153149844543
            ],
            [
              -46.7546763184342,
              -23.6160266616172
            ],
            [
              -46.754495085999,
              -23.6161248243185
            ],
            [
              -46.7545176668696,
              -23.6161886445887
            ],
            [
              -46.7535892927139,
              -23.6166436637356
            ]
          ]
        ]
      },
      "properties": {
        "EXPEDIENTE DISPENSA": "786/2025-D",
        "ANO ENTRADA": 2025,
        "MUNICIPIO": "SAO PAULO",
        "PROPRIETARIO": "TIBÉRIO INCORPORAÇÕES E PARTICIPAÇÕES 29 LTDA.",
        "LOCALIZAÇÃO/ENDEREÇO": "ESTRADA DOS MIRANDAS, S/N.º, CAMPO LIMPO, DISTRITO DE CAMPO LIMPO",
        "Nº DE UNIDADES HABITACIONAIS": 2,
        "ÁREA TOTAL DA GLEBA/M²": "11241.04",
        "TIPOLOGIA DA CONSTRUÇÃO": null,
        "DATA DO CERTIFICADO": "2025-11-11T00:00:00",
        "SITUAÇÃO": "DISPENSADO"
      }
    },
    {
      "type": "Feature",
      "geometry": {
        "type": "Polygon",
        "coordinates": [
          [
            [
              -47.7054772041607,
              -23.1291007382123
            ],
            [
              -47.7054125035971,
              -23.1285044097737
            ],
            [
              -47.7042581594325,
              -23.1285729922621
            ],
            [
              -47.7043164244749,
              -23.1290678266377
            ],
            [
              -47.7054772041607,
              -23.1291007382123
            ]
          ]
        ]
      },
      "properties": {
        "EXPEDIENTE DISPENSA": "647/2025-D",
        "ANO ENTRADA": 2025,
        "MUNICIPIO": "TIETE",
        "PROPRIETARIO": "EZÍDIO GRANDO E LUZIA APARECIDA SACON GRANDO",
        "LOCALIZAÇÃO/ENDEREÇO": "RUA ZENÓBIO SACON - GLEBA 1, BAIRRO MATO DENTRO",
        "Nº DE UNIDADES HABITACIONAIS": 12,
        "ÁREA TOTAL DA GLEBA/M²": "9109.56",
        "TIPOLOGIA DA CONSTRUÇÃO": null,
        "DATA DO CERTIFICADO": "2025-12-02T00:00:00",
        "SITUAÇÃO": "DISPENSADO"
      }
    },
    {
      "type": "Feature",
      "geometry": {
        "type": "Polygon",
        "coordinates": [
          [
            [
              -47.8468601651522,
              -20.7716155555827
            ],
            [
              -47.8466923116638,
              -20.7720720766366
            ],
            [
              -47.8466796287429,
              -20.7721637116113
            ],
            [
              -47.8467279413142,
              -20.7722441766081
            ],
            [
              -47.8468689437622,
              -20.7722756987855
            ],
            [
              -47.847136234686,
              -20.7723220563841
            ],
            [
              -47.8471830239218,
              -20.772321280197
            ],
            [
              -47.847203222295,
              -20.7722464510182
            ],
            [
              -47.8472072464273,
              -20.7720770794779
            ],
            [
              -47.8472263461457,
              -20.7717516974429
            ],
            [
              -47.8472470135871,
              -20.771317934332
            ],
            [
              -47.8472556526357,
              -20.7712026637619
            ],
            [
              -47.8472538751447,
              -20.7711078825644
            ],
            [
              -47.8472202767226,
              -20.7710441040945
            ],
            [
              -47.8471407782113,
              -20.7710284923587
            ],
            [
              -47.8470939893719,
              -20.7710292684882
            ],
            [
              -47.8470405735369,
              -20.7710606293974
            ],
            [
              -47.8468601651522,
              -20.7716155555827
            ]
          ]
        ]
      },
      "properties": {
        "EXPEDIENTE DISPENSA": "882/2025-D",
        "ANO ENTRADA": 2025,
        "MUNICIPIO": "SALES OLIVEIRA",
        "PROPRIETARIO": "MUNICÍPIO DE SALES DE OLIVEIRA",
        "LOCALIZAÇÃO/ENDEREÇO": "RUA ALTINO BRAGUETO, JARDIM BOA VISTA",
        "Nº DE UNIDADES HABITACIONAIS": 24,
        "ÁREA TOTAL DA GLEBA/M²": "4333.01",
        "TIPOLOGIA DA CONSTRUÇÃO": null,
        "DATA DO CERTIFICADO": "2026-01-13T00:00:00",
        "SITUAÇÃO": "DISPENSADO"
      }
    },
    {
      "type": "Feature",
      "geometry": {
        "type": "Polygon",
        "coordinates": [
          [
            [
              -46.4382998664662,
              -23.5775294709075
            ],
            [
              -46.4381445356248,
              -23.5775422216807
            ],
            [
              -46.4379972222339,
              -23.5775398141227
            ],
            [
              -46.4378087534338,
              -23.5775151613017
            ],
            [
              -46.4375954518545,
              -23.5774643410478
            ],
            [
              -46.4374719858627,
              -23.5773976054312
            ],
            [
              -46.4374619151218,
              -23.5773436593991
            ],
            [
              -46.437038318448,
              -23.5766324027397
            ],
            [
              -46.4364035109535,
              -23.5770168945125
            ],
            [
              -46.4360933997676,
              -23.5789187516508
            ],
            [
              -46.4379304959814,
              -23.5793014857847
            ],
            [
              -46.4382998664662,
              -23.5775294709075
            ]
          ]
        ]
      },
      "properties": {
        "EXPEDIENTE DISPENSA": "886/2025-D",
        "ANO ENTRADA": 2025,
        "MUNICIPIO": "SAO PAULO",
        "PROPRIETARIO": "ADMINISTRADORA DE IMÓVEIS SHIRO YENDO LTDA.",
        "LOCALIZAÇÃO/ENDEREÇO": "RUA TOMOICHI SHIMIZU, N.º 648 (PARTE DOS LOTES 186, 187 E 188), COLÔNIA, DISTRITO JOSÉ BONIFÁCIO",
        "Nº DE UNIDADES HABITACIONAIS": 2,
        "ÁREA TOTAL DA GLEBA/M²": "35758.449999999997",
        "TIPOLOGIA DA CONSTRUÇÃO": null,
        "DATA DO CERTIFICADO": "2026-01-13T00:00:00",
        "SITUAÇÃO": "DISPENSADO"
      }
    },
    {
      "type": "Feature",
      "geometry": {
        "type": "Polygon",
        "coordinates": [
          [
            [
              -47.5606751098296,
              -21.3084450936809
            ],
            [
              -47.5605390894653,
              -21.3083601503718
            ],
            [
              -47.5606276870316,
              -21.308223839532
            ],
            [
              -47.5603080990448,
              -21.3080440218007
            ],
            [
              -47.5601035011517,
              -21.3083756621484
            ],
            [
              -47.5605455713657,
              -21.3086246474847
            ],
            [
              -47.5606751098296,
              -21.3084450936809
            ]
          ]
        ]
      },
      "properties": {
        "EXPEDIENTE DISPENSA": "746/2025-D",
        "ANO ENTRADA": 2025,
        "MUNICIPIO": "SERRA AZUL",
        "PROPRIETARIO": "CONDOMÍNIO CHAMPAGNAT SPE LTDA.",
        "LOCALIZAÇÃO/ENDEREÇO": "RUA LÁZARO RAMALHO, N° 525",
        "Nº DE UNIDADES HABITACIONAIS": 4,
        "ÁREA TOTAL DA GLEBA/M²": "1840.82",
        "TIPOLOGIA DA CONSTRUÇÃO": null,
        "DATA DO CERTIFICADO": "2025-12-16T00:00:00",
        "SITUAÇÃO": "DISPENSADO"
      }
    },
    {
      "type": "Feature",
      "geometry": {
        "type": "Polygon",
        "coordinates": [
          [
            [
              -46.892548827337,
              -23.7394589422068
            ],
            [
              -46.8925376764504,
              -23.7386872692163
            ],
            [
              -46.8926321880953,
              -23.7381949603149
            ],
            [
              -46.8927014100444,
              -23.7377107571213
            ],
            [
              -46.8926528789357,
              -23.7372825682908
            ],
            [
              -46.8926439811427,
              -23.7366667887043
            ],
            [
              -46.8926283058714,
              -23.7361680329344
            ],
            [
              -46.8926319301817,
              -23.7358327580419
            ],
            [
              -46.8926040511199,
              -23.7356615861219
            ],
            [
              -46.8919644010559,
              -23.7353497785632
            ],
            [
              -46.8915484999015,
              -23.7352847042148
            ],
            [
              -46.8913419131539,
              -23.7350533503139
            ],
            [
              -46.8911584505071,
              -23.7352504966825
            ],
            [
              -46.8910660453496,
              -23.7364756091859
            ],
            [
              -46.8905867619857,
              -23.737300059167
            ],
            [
              -46.8902180281186,
              -23.7375696353418
            ],
            [
              -46.890030142425,
              -23.7380474930021
            ],
            [
              -46.8901177399332,
              -23.7382491194276
            ],
            [
              -46.8902402194376,
              -23.7385204837401
            ],
            [
              -46.8906972294546,
              -23.738499301517
            ],
            [
              -46.8907499462736,
              -23.7386311896559
            ],
            [
              -46.890709072475,
              -23.7387330384956
            ],
            [
              -46.8907034182559,
              -23.7389280092114
            ],
            [
              -46.890697651516,
              -23.7391151852385
            ],
            [
              -46.8912486793818,
              -23.7397399240226
            ],
            [
              -46.892548827337,
              -23.7394589422068
            ]
          ]
        ]
      },
      "properties": {
        "EXPEDIENTE DISPENSA": "746/2025-D",
        "ANO ENTRADA": 2025,
        "MUNICIPIO": "SERRA AZUL",
        "PROPRIETARIO": "CONDOMÍNIO CHAMPAGNAT SPE LTDA.",
        "LOCALIZAÇÃO/ENDEREÇO": "RUA LÁZARO RAMALHO, N° 525",
        "Nº DE UNIDADES HABITACIONAIS": 4,
        "ÁREA TOTAL DA GLEBA/M²": "1840.82",
        "TIPOLOGIA DA CONSTRUÇÃO": null,
        "DATA DO CERTIFICADO": "2025-12-16T00:00:00",
        "SITUAÇÃO": "DISPENSADO"
      }
    },
    {
      "type": "Feature",
      "geometry": {
        "type": "Polygon",
        "coordinates": [
          [
            [
              -49.9075077530794,
              -20.093358138019
            ],
            [
              -49.9070304427474,
              -20.0932757606871
            ],
            [
              -49.9077158404673,
              -20.0906972612349
            ],
            [
              -49.9081241357042,
              -20.0907995011421
            ],
            [
              -49.9075077530794,
              -20.093358138019
            ]
          ]
        ]
      },
      "properties": {
        "EXPEDIENTE DISPENSA": "782/2025-D",
        "ANO ENTRADA": 2025,
        "MUNICIPIO": "CARDOSO",
        "PROPRIETARIO": "RESIDENCIAL JÚLIA LAUDINO EMPREENDIMENTO IMOBILIÁRIO SPE LTDA.",
        "LOCALIZAÇÃO/ENDEREÇO": "AV. EUZÉBIO PEREIRA BORGES",
        "Nº DE UNIDADES HABITACIONAIS": 25,
        "ÁREA TOTAL DA GLEBA/M²": "12619.17",
        "TIPOLOGIA DA CONSTRUÇÃO": null,
        "DATA DO CERTIFICADO": "2026-02-24T00:00:00",
        "SITUAÇÃO": "DISPENSADO"
      }
    },
    {
      "type": "Feature",
      "geometry": {
        "type": "Polygon",
        "coordinates": [
          [
            [
              -46.5924624387479,
              -23.6420027023773
            ],
            [
              -46.5919083489993,
              -23.6426978655673
            ],
            [
              -46.5905742187676,
              -23.6419606026907
            ],
            [
              -46.5910800657129,
              -23.6412176320367
            ],
            [
              -46.5924624387479,
              -23.6420027023773
            ]
          ]
        ]
      },
      "properties": {
        "EXPEDIENTE DISPENSA": "69/2026-D",
        "ANO ENTRADA": 2026,
        "MUNICIPIO": "SAO PAULO",
        "PROPRIETARIO": "INTERCEPT PARTICIPAÇÕES LTDA.",
        "LOCALIZAÇÃO/ENDEREÇO": "RUA OLYMPIA SEMERARO, S/N°, JARDIM SANTA EMÍLIA, DISTRITO SACOMÃ",
        "Nº DE UNIDADES HABITACIONAIS": 2,
        "ÁREA TOTAL DA GLEBA/M²": "19547.560000000001",
        "TIPOLOGIA DA CONSTRUÇÃO": null,
        "DATA DO CERTIFICADO": "2026-02-24T00:00:00",
        "SITUAÇÃO": "DISPENSADO"
      }
    },
    {
      "type": "Feature",
      "geometry": {
        "type": "Polygon",
        "coordinates": [
          [
            [
              -51.0654099404343,
              -21.6798118681424
            ],
            [
              -51.0654513279149,
              -21.6798316718271
            ],
            [
              -51.0658717724495,
              -21.68042748228
            ],
            [
              -51.0658730641509,
              -21.68045823369
            ],
            [
              -51.0652218113905,
              -21.6808848843665
            ],
            [
              -51.0651837492566,
              -21.6808839117946
            ],
            [
              -51.0647603770605,
              -21.6802787301049
            ],
            [
              -51.0647882636078,
              -21.6802184784259
            ],
            [
              -51.0647882636078,
              -21.6802184784259
            ],
            [
              -51.0654099404343,
              -21.6798118681424
            ]
          ]
        ]
      },
      "properties": {
        "EXPEDIENTE DISPENSA": "90/2026-D",
        "ANO ENTRADA": 2026,
        "MUNICIPIO": "ADAMANTINA",
        "PROPRIETARIO": "ASSOCIAÇÃO DE ROTARIANOS DO ROTARY CLUB DE ADAMANTINA",
        "LOCALIZAÇÃO/ENDEREÇO": "RUA PAUL HARRIS X AVENIDA DAS ROSAS X ALAMEDA DAS MARGARIDAS E RUA WALTER MOTTA RAMAZZINI - ANEXO A VILA JARDIM",
        "Nº DE UNIDADES HABITACIONAIS": 18,
        "ÁREA TOTAL DA GLEBA/M²": "7024.44",
        "TIPOLOGIA DA CONSTRUÇÃO": null,
        "DATA DO CERTIFICADO": "2026-02-24T00:00:00",
        "SITUAÇÃO": "DISPENSADO"
      }
    }
  ]
}